sampleId	CANCER_TYPE	CANCER_TYPE_DETAILED	FRACTION_GENOME_ALTERED	IMSIG_B_CELLS	IMSIG_INTERFERON	IMSIG_MACROPHAGES	IMSIG_MONOCYTES	IMSIG_NEUTROPHILS	IMSIG_NK_CELLS	IMSIG_PLASMA_CELLS	IMSIG_PROLIFERATION	IMSIG_TRANSLATION	IMSIG_T_CELLS	MUTATION_COUNT	ONCOTREE_CODE	PURITY	SAMPLE_CLASS	SAMPLE_TYPE_ID	SOMATIC_STATUS	TMB_NONSYNONYMOUS
A006	Non-Small Cell Lung Cancer	Lung Adenocarcinoma	0.1539	0.05695	0.104109	0.102252	0.101519	0.097747	0.052781	0.074033	0.059053	0.130816	0.086716	3	LUAD	0.1	Tumor		Matched	0.0666666666667
A008	Non-Small Cell Lung Cancer	Lung Adenocarcinoma	0.1318											32	LUAD	0.34	Tumor		Matched	1.06666666667
A012	Non-Small Cell Lung Cancer	Lung Adenocarcinoma	0.3385											370	LUAD	0.38	Tumor		Matched	12.4666666667
A015	Non-Small Cell Lung Cancer	Lung Adenocarcinoma	0.0758	0.078734	0.089816	0.088019	0.086438	0.073963	0.025062	0.080134	0.063123	0.143874	0.085789	72	LUAD	0.51	Tumor		Matched	2.4
A016	Non-Small Cell Lung Cancer	Lung Adenocarcinoma	0.3153											652	LUAD	0.16	Tumor		Matched	21.8
A017	Non-Small Cell Lung Cancer	Lung Adenocarcinoma	0.8972											74	LUAD	0.25	Tumor		Matched	2.46666666667
A021	Non-Small Cell Lung Cancer	Lung Adenocarcinoma	0.4120	0.034986	0.0977	0.074067	0.075175	0.065634	0.011778	0.043916	0.067553	0.127407	0.05594	64	LUAD	0.42	Tumor		Matched	2.13333333333
A025	Non-Small Cell Lung Cancer	Lung Adenocarcinoma	0.0550											39	LUAD	0.38	Tumor		Matched	1.3
A027	Non-Small Cell Lung Cancer	Lung Adenocarcinoma	0.1158	0.079208	0.094591	0.093691	0.089801	0.07981	0.033323	0.093501	0.067203	0.140743	0.088637	20	LUAD	0.27	Tumor		Matched	0.666666666667
A028	Non-Small Cell Lung Cancer	Lung Adenocarcinoma	0.4545	0.067342	0.094951	0.077021	0.076603	0.067255	0.019634	0.085278	0.086341	0.139509	0.071457	80	LUAD	0.36	Tumor		Matched	2.66666666667
A033	Non-Small Cell Lung Cancer	Lung Adenocarcinoma	0.1373	0.066322	0.10421	0.099337	0.097896	0.089276	0.037858	0.092046	0.08704	0.140102	0.083559	22	LUAD	0.26	Tumor		Matched	0.733333333333
A037	Non-Small Cell Lung Cancer	Lung Adenocarcinoma	0.5628	0.04501	0.101622	0.106663	0.104451	0.089339	0.02853	0.061028	0.068835	0.141725	0.080468	55	LUAD	0.31	Tumor		Matched	1.86666666667
A062	Non-Small Cell Lung Cancer	Lung Adenocarcinoma	0.2351	0.05166	0.104119	0.089228	0.085776	0.073763	0.026534	0.08237	0.086794	0.139004	0.072038	123	LUAD	0.48	Tumor		Matched	4.06666666667
A063	Non-Small Cell Lung Cancer	Lung Adenocarcinoma	0.1755	0.021228	0.081782	0.056599	0.063224	0.062511	0.019273	0.056118	0.084423	0.136516	0.046759	42	LUAD	0.78	Tumor		Matched	1.43333333333
A066	Non-Small Cell Lung Cancer	Lung Adenocarcinoma	0.2626	0.061758	0.096621	0.097916	0.091581	0.080553	0.026362	0.089877	0.070565	0.139879	0.081882	89	LUAD	0.5	Tumor		Matched	2.93333333333
A068	Non-Small Cell Lung Cancer	Lung Adenocarcinoma	0.2468	0.072191	0.103945	0.106326	0.097467	0.085356	0.043886	0.119941	0.082949	0.142666	0.090452	50	LUAD	0.14	Tumor		Matched	1.63333333333
A071	Non-Small Cell Lung Cancer	Lung Adenocarcinoma	0.2605											58	LUAD	0.35	Tumor		Matched	2.0
A072	Non-Small Cell Lung Cancer	Lung Adenocarcinoma	0.4843	0.078615	0.090433	0.083354	0.080995	0.072252	0.027113	0.085133	0.065188	0.137621	0.082881	29	LUAD	0.19	Tumor		Matched	0.966666666667
A073	Non-Small Cell Lung Cancer	Lung Adenocarcinoma	0.5730											59	LUAD	0.52	Tumor		Matched	1.96666666667
A074	Non-Small Cell Lung Cancer	Lung Adenocarcinoma	0.5106	0.047487	0.100073	0.092884	0.092484	0.081581	0.01764	0.075157	0.074394	0.134034	0.071059	61	LUAD	0.18	Tumor		Matched	2.1
A100	Non-Small Cell Lung Cancer	Lung Adenocarcinoma	0.2559	0.045934	0.089266	0.084281	0.081138	0.07584	0.029041	0.086854	0.061228	0.14572	0.074286	46	LUAD	0.2	Tumor		Matched	1.5
A101	Non-Small Cell Lung Cancer	Lung Adenocarcinoma	0.4523	0.066053	0.101047	0.091267	0.088168	0.080335	0.041783	0.083672	0.086779	0.132321	0.079575	66	LUAD	0.43	Tumor		Matched	2.2
A102	Non-Small Cell Lung Cancer	Lung Adenocarcinoma	0.1936	0.068436	0.09742	0.090697	0.088504	0.078071	0.024842	0.09088	0.072093	0.134951	0.080007	144	LUAD	0.31	Tumor		Matched	4.76666666667
A103	Non-Small Cell Lung Cancer	Lung Adenocarcinoma	0.5467	0.072205	0.10294	0.088726	0.083669	0.071679	0.032351	0.084635	0.074346	0.133992	0.081191	68	LUAD	0.16	Tumor		Matched	2.23333333333
A104	Non-Small Cell Lung Cancer	Lung Adenocarcinoma	0.1216	0.044329	0.1003	0.100892	0.097909	0.085627	0.030175	0.069937	0.069902	0.135718	0.075659	25	LUAD	0.32	Tumor		Matched	0.833333333333
A109	Non-Small Cell Lung Cancer	Lung Adenocarcinoma	0.3917											726	LUAD	0.23	Tumor		Matched	24.1666666667
A110	Non-Small Cell Lung Cancer	Lung Adenocarcinoma	0.5086	0.052322	0.094188	0.084102	0.08338	0.088417	0.035825	0.07868	0.088317	0.129501	0.071681	1056	LUAD	0.48	Tumor		Matched	35.1333333333
A111	Non-Small Cell Lung Cancer	Lung Adenocarcinoma	0.1260	0.046942	0.086867	0.075397	0.075359	0.066355	0.026874	0.080096	0.067717	0.142664	0.071247	54	LUAD	0.76	Tumor		Matched	1.83333333333
A112	Non-Small Cell Lung Cancer	Lung Adenocarcinoma	0.0901	0.031763	0.101925	0.080951	0.079105	0.073453	0.020899	0.060575	0.068884	0.13801	0.064068	24	LUAD	0.64	Tumor		Matched	0.8
A114	Non-Small Cell Lung Cancer	Lung Adenocarcinoma	0.5536											48	LUAD	0.17	Tumor		Matched	1.56666666667
A117	Non-Small Cell Lung Cancer	Lung Adenocarcinoma	0.0372	0.038703	0.100357	0.099745	0.097228	0.081571	0.02201	0.053499	0.061644	0.142874	0.07302	37	LUAD	0.49	Tumor		Matched	1.26666666667
A120	Non-Small Cell Lung Cancer	Lung Adenocarcinoma	0.3702	0.045078	0.094034	0.085456	0.083501	0.069701	0.015872	0.062617	0.076374	0.136751	0.065141	85	LUAD	0.28	Tumor		Matched	2.83333333333
A122	Non-Small Cell Lung Cancer	Lung Adenocarcinoma	0.2107											31	LUAD	0.15	Tumor		Matched	1.03333333333
A124	Non-Small Cell Lung Cancer	Lung Adenocarcinoma	0.0012	0.060266	0.094871	0.089348	0.086036	0.075951	0.026803	0.075125	0.072082	0.13518	0.07816	12	LUAD	0.29	Tumor		Matched	0.4
A126	Non-Small Cell Lung Cancer	Lung Adenocarcinoma	0.2279	0.052705	0.092737	0.088373	0.087523	0.078523	0.02183	0.080677	0.072495	0.149624	0.071378	129	LUAD	0.16	Tumor		Matched	4.23333333333
A130	Non-Small Cell Lung Cancer	Lung Adenocarcinoma	0.1243											65	LUAD	0.46	Tumor		Matched	2.3
A131	Non-Small Cell Lung Cancer	Lung Adenocarcinoma	0.6822	0.026546	0.076218	0.071965	0.06889	0.071854	0.011845	0.04633	0.089905	0.145087	0.04574	536	LUAD	0.8	Tumor		Matched	17.8666666667
A134	Non-Small Cell Lung Cancer	Lung Adenocarcinoma	0.3731	0.035481	0.098312	0.081163	0.079887	0.068363	0.023584	0.067868	0.065604	0.140057	0.063914	36	LUAD	0.71	Tumor		Matched	1.16666666667
A136	Non-Small Cell Lung Cancer	Lung Adenocarcinoma	0.3046											72	LUAD	0.44	Tumor		Matched	2.36666666667
A138	Non-Small Cell Lung Cancer	Lung Adenocarcinoma	0.0263	0.048184	0.098383	0.097744	0.096011	0.091134	0.039818	0.068897	0.054148	0.132764	0.079751	1	LUAD	0.24	Tumor		Matched	0.0333333333333
A139	Non-Small Cell Lung Cancer	Lung Adenocarcinoma	0.5214											53	LUAD	0.28	Tumor		Matched	1.76666666667
A143	Non-Small Cell Lung Cancer	Lung Adenocarcinoma	0.4286	0.058032	0.091041	0.091241	0.088297	0.076448	0.053378	0.091833	0.079889	0.141772	0.077695	294	LUAD	0.24	Tumor		Matched	9.73333333333
A144	Non-Small Cell Lung Cancer	Lung Adenocarcinoma	0.3915	0.037364	0.092358	0.082575	0.081249	0.081025	0.015705	0.057009	0.074029	0.141109	0.059328	51	LUAD	0.72	Tumor		Matched	1.7
A146	Non-Small Cell Lung Cancer	Lung Adenocarcinoma	0.6843											71	LUAD	0.39	Tumor		Matched	2.4
A147	Non-Small Cell Lung Cancer	Lung Adenocarcinoma	0.0060											10	LUAD	0.45	Tumor		Matched	0.333333333333
A148	Non-Small Cell Lung Cancer	Lung Adenocarcinoma	0.5253	0.067309	0.095318	0.091613	0.088918	0.077532	0.036497	0.081943	0.086174	0.140252	0.081299	65	LUAD	0.24	Tumor		Matched	2.2
A149	Non-Small Cell Lung Cancer	Lung Adenocarcinoma	0.1836											35	LUAD	0.21	Tumor		Matched	1.16666666667
A150	Non-Small Cell Lung Cancer	Lung Adenocarcinoma	0.2423	0.058618	0.096602	0.091914	0.090517	0.077051	0.030111	0.074286	0.076384	0.128849	0.078941	150	LUAD	0.45	Tumor		Matched	5.03333333333
A152	Non-Small Cell Lung Cancer	Lung Adenocarcinoma	0.4472											170	LUAD	0.26	Tumor		Matched	5.7
A153	Non-Small Cell Lung Cancer	Lung Adenocarcinoma	0.1521	0.060843	0.093764	0.092657	0.091981	0.07712	0.018218	0.085876	0.058588	0.139182	0.077884	38	LUAD	0.43	Tumor		Matched	1.26666666667
A155	Non-Small Cell Lung Cancer	Lung Adenocarcinoma	0.1369											47	LUAD	0.38	Tumor		Matched	1.53333333333
A156	Non-Small Cell Lung Cancer	Lung Adenocarcinoma	0.4330	0.054787	0.102938	0.09395	0.08934	0.080916	0.027322	0.075126	0.088547	0.132402	0.076156	51	LUAD	0.31	Tumor		Matched	1.66666666667
A157	Non-Small Cell Lung Cancer	Lung Adenocarcinoma	0.6893	0.082803	0.106211	0.093697	0.088186	0.078244	0.038407	0.108218	0.087153	0.131854	0.08798	58	LUAD	0.25	Tumor		Matched	1.93333333333
A158	Non-Small Cell Lung Cancer	Lung Adenocarcinoma	0.1689	0.049014	0.089796	0.082701	0.083284	0.072422	0.02215	0.079909	0.083518	0.138308	0.06662	76	LUAD	0.49	Tumor		Matched	2.46666666667
A159	Non-Small Cell Lung Cancer	Lung Adenocarcinoma	0.1566	0.060609	0.093594	0.095672	0.095086	0.082909	0.029577	0.098424	0.067029	0.136416	0.075934	54	LUAD	0.3	Tumor		Matched	1.86666666667
A162	Non-Small Cell Lung Cancer	Lung Adenocarcinoma	0.6644	0.045803	0.09315	0.085183	0.085213	0.073395	0.026222	0.067955	0.091976	0.129881	0.068196	49	LUAD	0.32	Tumor		Matched	1.56666666667
A163	Non-Small Cell Lung Cancer	Lung Adenocarcinoma	0.4246	0.066973	0.094946	0.088545	0.087888	0.077661	0.030315	0.102133	0.075548	0.136383	0.079312	27	LUAD	0.37	Tumor		Matched	0.933333333333
A165	Non-Small Cell Lung Cancer	Lung Adenocarcinoma	0.3269	0.076766	0.094186	0.095907	0.093966	0.084507	0.037418	0.10158	0.068546	0.139864	0.089017	24	LUAD	0.16	Tumor		Matched	0.9
A167	Non-Small Cell Lung Cancer	Lung Adenocarcinoma	0.0207											74	LUAD	0.24	Tumor		Matched	2.43333333333
A168	Non-Small Cell Lung Cancer	Lung Adenocarcinoma	0.0287	0.051433	0.093094	0.103938	0.097259	0.082657	0.023332	0.093593	0.063252	0.148338	0.081773	54	LUAD	0.46	Tumor		Matched	1.76666666667
A169	Non-Small Cell Lung Cancer	Lung Adenocarcinoma	0.0798	0.058995	0.093522	0.095582	0.094874	0.078385	0.032455	0.090366	0.068716	0.143547	0.084497	80	LUAD	0.54	Tumor		Matched	2.6
A177	Non-Small Cell Lung Cancer	Lung Adenocarcinoma	0.2817	0.052669	0.103466	0.104442	0.100463	0.086584	0.026189	0.06402	0.081279	0.135492	0.083565	76	LUAD	0.3	Tumor		Matched	2.5
A182	Non-Small Cell Lung Cancer	Lung Adenocarcinoma	0.3631	0.069525	0.100968	0.10054	0.095462	0.087597	0.036161	0.106468	0.080413	0.135775	0.088731	115	LUAD	0.35	Tumor		Matched	3.86666666667
A183	Non-Small Cell Lung Cancer	Lung Adenocarcinoma	0.2692	0.055154	0.099536	0.101484	0.094311	0.087068	0.035941	0.102029	0.088166	0.130849	0.082562	565	LUAD	0.38	Tumor		Matched	18.9333333333
A184	Non-Small Cell Lung Cancer	Lung Adenocarcinoma		0.068338	0.098956	0.101303	0.096664	0.090387	0.034496	0.103745	0.084485	0.133816	0.085436		LUAD		Tumor		Matched	
A185	Non-Small Cell Lung Cancer	Lung Adenocarcinoma	0.5169	0.054882	0.098017	0.104452	0.09733	0.093404	0.026549	0.082673	0.066602	0.137537	0.077242	69	LUAD	0.34	Tumor		Matched	2.33333333333
A186	Non-Small Cell Lung Cancer	Lung Adenocarcinoma	0.4306	0.064277	0.100497	0.105357	0.099582	0.088741	0.031788	0.079749	0.082492	0.132714	0.092048	121	LUAD	0.34	Tumor		Matched	3.96666666667
A187	Non-Small Cell Lung Cancer	Lung Adenocarcinoma	0.6395	0.058464	0.096791	0.087169	0.085387	0.083026	0.031835	0.085114	0.088324	0.141814	0.080006	33	LUAD	0.22	Tumor		Matched	1.13333333333
A188	Non-Small Cell Lung Cancer	Lung Adenocarcinoma	0.2665	0.074917	0.096599	0.101326	0.09862	0.087259	0.037675	0.111978	0.062647	0.139625	0.089114	33	LUAD	0.28	Tumor		Matched	1.06666666667
A190	Non-Small Cell Lung Cancer	Lung Adenocarcinoma	0.2523	0.055504	0.093498	0.094394	0.09359	0.092435	0.024597	0.092442	0.084305	0.131228	0.073687	32	LUAD	0.51	Tumor		Matched	1.06666666667
A191	Non-Small Cell Lung Cancer	Lung Adenocarcinoma	0.1607	0.058049	0.08734	0.092106	0.086742	0.087067	0.02383	0.103702	0.060683	0.135086	0.071954	40	LUAD	0.62	Tumor		Matched	1.33333333333
A192	Non-Small Cell Lung Cancer	Lung Adenocarcinoma	0.3384	0.059968	0.102673	0.099916	0.095367	0.086802	0.033899	0.088208	0.080572	0.135641	0.082281	84	LUAD	0.2	Tumor		Matched	2.76666666667
A193	Non-Small Cell Lung Cancer	Lung Adenocarcinoma	0.3790	0.075555	0.099872	0.097644	0.092294	0.090419	0.045923	0.108362	0.090095	0.136597	0.085261	237	LUAD	0.17	Tumor		Matched	7.83333333333
A194	Non-Small Cell Lung Cancer	Lung Adenocarcinoma	0.0988	0.060135	0.094792	0.10021	0.100816	0.092524	0.043293	0.095428	0.070454	0.134408	0.087753	16	LUAD	0.15	Tumor		Matched	0.6
A195	Non-Small Cell Lung Cancer	Lung Adenocarcinoma	0.0003	0.054111	0.091558	0.110722	0.10705	0.100562	0.03455	0.084818	0.072081	0.134363	0.08527	18	LUAD	0.29	Tumor		Matched	0.6
A196	Non-Small Cell Lung Cancer	Lung Adenocarcinoma	0.0003	0.068559	0.096088	0.107281	0.098918	0.089381	0.038971	0.092854	0.069711	0.131252	0.087811	47	LUAD	0.29	Tumor		Matched	1.6
A197	Non-Small Cell Lung Cancer	Lung Adenocarcinoma	0.4271	0.044102	0.096114	0.089862	0.085886	0.087972	0.029378	0.074214	0.097765	0.132494	0.071685	118	LUAD	0.6	Tumor		Matched	3.86666666667
A198	Non-Small Cell Lung Cancer	Lung Adenocarcinoma	0.1436	0.055213	0.094677	0.102699	0.095581	0.088068	0.034001	0.096414	0.067078	0.13461	0.079818	78	LUAD	0.47	Tumor		Matched	2.6
A199	Non-Small Cell Lung Cancer	Lung Adenocarcinoma	0.3545	0.052883	0.103131	0.107348	0.101767	0.091617	0.040376	0.061466	0.073931	0.130272	0.085252	381	LUAD	0.15	Tumor		Matched	12.7
A200	Non-Small Cell Lung Cancer	Lung Adenocarcinoma	0.4616	0.047442	0.092884	0.085842	0.083322	0.08296	0.025638	0.088976	0.093704	0.127158	0.068152	78	LUAD	0.63	Tumor		Matched	2.63333333333
A201	Non-Small Cell Lung Cancer	Lung Adenocarcinoma	0.2310	0.079577	0.092262	0.097105	0.094984	0.085582	0.045767	0.116676	0.05519	0.133248	0.089049	164	LUAD	0.37	Tumor		Matched	5.46666666667
A202	Non-Small Cell Lung Cancer	Lung Adenocarcinoma	0.0703	0.042012	0.088851	0.084174	0.083308	0.081584	0.023695	0.080444	0.067762	0.133363	0.071886	65	LUAD	0.74	Tumor		Matched	2.13333333333
A203	Non-Small Cell Lung Cancer	Lung Adenocarcinoma	0.1359	0.074964	0.099647	0.097815	0.092209	0.088205	0.032452	0.083532	0.081484	0.131429	0.091036	47	LUAD	0.23	Tumor		Matched	1.56666666667
A204	Non-Small Cell Lung Cancer	Lung Adenocarcinoma	0.1869	0.044498	0.102313	0.081105	0.076914	0.071448	0.021992	0.082664	0.062028	0.139459	0.069315	65	LUAD	0.78	Tumor		Matched	2.23333333333
A205	Non-Small Cell Lung Cancer	Lung Adenocarcinoma	0.1901	0.064825	0.101088	0.103204	0.101366	0.096011	0.047581	0.080425	0.069116	0.132587	0.087825	40	LUAD	0.17	Tumor		Matched	1.3
A206	Non-Small Cell Lung Cancer	Lung Adenocarcinoma	0.3857	0.068275	0.109826	0.106212	0.099047	0.087909	0.037644	0.099952	0.074333	0.131311	0.090051	50	LUAD	0.22	Tumor		Matched	1.73333333333
A207	Non-Small Cell Lung Cancer	Lung Adenocarcinoma	0.6218	0.047231	0.091214	0.092161	0.091143	0.092277	0.029963	0.072464	0.082579	0.134118	0.067814	74	LUAD	0.27	Tumor		Matched	2.43333333333
A208	Non-Small Cell Lung Cancer	Lung Adenocarcinoma	0.3249	0.048237	0.108619	0.09546	0.093995	0.090214	0.040727	0.077264	0.07764	0.134912	0.078632	138	LUAD	0.25	Tumor		Matched	4.56666666667
A209	Non-Small Cell Lung Cancer	Lung Adenocarcinoma	0.0005	0.097657	0.097134	0.117702	0.113049	0.09743	0.050072	0.113723	0.058468	0.138968	0.106782	15	LUAD	0.24	Tumor		Matched	0.5
A210	Non-Small Cell Lung Cancer	Lung Adenocarcinoma	0.3829	0.062186	0.097047	0.096446	0.094514	0.086577	0.035437	0.095317	0.088096	0.140443	0.078533	559	LUAD	0.32	Tumor		Matched	18.4
A211	Non-Small Cell Lung Cancer	Lung Adenocarcinoma	0.0009	0.064331	0.100409	0.107131	0.105841	0.102209	0.049853	0.07	0.064194	0.130528	0.089753	15	LUAD	0.23	Tumor		Matched	0.5
A212	Non-Small Cell Lung Cancer	Lung Adenocarcinoma	0.0049	0.055367	0.100944	0.10456	0.103977	0.098654	0.036955	0.085604	0.052495	0.131279	0.086013	13	LUAD	0.15	Tumor		Matched	0.433333333333
A213	Non-Small Cell Lung Cancer	Lung Adenocarcinoma	0.2448	0.065128	0.094966	0.100576	0.09787	0.090756	0.029477	0.075515	0.064973	0.133271	0.083811	44	LUAD	0.22	Tumor		Matched	1.5
A214	Non-Small Cell Lung Cancer	Lung Adenocarcinoma	0.0061	0.070725	0.096519	0.102862	0.105831	0.097901	0.062648	0.092908	0.06266	0.143201	0.090758	4	LUAD	0.33	Tumor		Matched	0.133333333333
A215	Non-Small Cell Lung Cancer	Lung Adenocarcinoma	0.0284	0.061826	0.101836	0.098575	0.100815	0.097563	0.063231	0.084687	0.058748	0.129213	0.088085	6	LUAD	0.28	Tumor		Matched	0.2
A216	Non-Small Cell Lung Cancer	Lung Adenocarcinoma	0.2934	0.053438	0.100815	0.092776	0.093536	0.089811	0.042189	0.101152	0.090522	0.13558	0.076135	529	LUAD	0.37	Tumor		Matched	17.4
A217	Non-Small Cell Lung Cancer	Lung Adenocarcinoma	0.4129	0.048375	0.097917	0.098902	0.09528	0.087013	0.032706	0.063419	0.0606	0.131618	0.08002	59	LUAD	0.36	Tumor		Matched	1.96666666667
A218	Non-Small Cell Lung Cancer	Lung Adenocarcinoma	0.0414	0.086864	0.099293	0.105193	0.101183	0.093999	0.04986	0.115973	0.075565	0.133916	0.096693	212	LUAD	0.2	Tumor		Matched	7.06666666667
A219	Non-Small Cell Lung Cancer	Lung Adenocarcinoma	0.3611	0.03832	0.091194	0.094707	0.095941	0.084134	0.019721	0.071919	0.073248	0.129289	0.06812	81	LUAD	0.41	Tumor		Matched	2.7
A220	Non-Small Cell Lung Cancer	Lung Adenocarcinoma	0.5028	0.061371	0.095949	0.096566	0.093805	0.084578	0.033455	0.084398	0.081113	0.13265	0.080625	244	LUAD	0.33	Tumor		Matched	8.16666666667
A221	Non-Small Cell Lung Cancer	Lung Adenocarcinoma	0.0154	0.050757	0.101595	0.101054	0.100892	0.09709	0.050101	0.072584	0.054852	0.128921	0.083802	3	LUAD	0.3	Tumor		Matched	0.1
A222	Non-Small Cell Lung Cancer	Lung Adenocarcinoma	0.4357	0.072899	0.094733	0.091454	0.090284	0.089145	0.028778	0.092136	0.064454	0.130445	0.084085	64	LUAD	0.34	Tumor		Matched	2.1
A224	Non-Small Cell Lung Cancer	Lung Adenocarcinoma	0.0011											4	LUAD	0.25	Tumor		Matched	0.133333333333
A227	Non-Small Cell Lung Cancer	Lung Adenocarcinoma	0.0665											117	LUAD	0.26	Tumor		Matched	3.93333333333
A228	Non-Small Cell Lung Cancer	Lung Adenocarcinoma	0.6336											602	LUAD	0.57	Tumor		Matched	20.1
A229	Non-Small Cell Lung Cancer	Lung Adenocarcinoma	0.6472											197	LUAD	0.78	Tumor		Matched	6.6
A230	Non-Small Cell Lung Cancer	Lung Adenocarcinoma	0.3291											431	LUAD	0.76	Tumor		Matched	14.3
A231	Non-Small Cell Lung Cancer	Lung Adenocarcinoma	0.6094											694	LUAD	0.37	Tumor		Matched	23.1333333333
A232	Non-Small Cell Lung Cancer	Lung Adenocarcinoma	0.0769	0.043032	0.103189	0.086037	0.083426	0.072686	0.023259	0.081978	0.069382	0.139356	0.067278	90	LUAD	0.81	Tumor		Matched	3.0
A233	Non-Small Cell Lung Cancer	Lung Adenocarcinoma	0.0986	0.06774	0.107383	0.107244	0.09927	0.08912	0.054848	0.078263	0.087849	0.133945	0.093586	32	LUAD	0.16	Tumor		Matched	1.06666666667
A234	Non-Small Cell Lung Cancer	Lung Adenocarcinoma	0.0083	0.069428	0.094365	0.102546	0.099456	0.092339	0.034177	0.078989	0.067836	0.13501	0.087086	16	LUAD	0.29	Tumor		Matched	0.5
A239	Non-Small Cell Lung Cancer	Lung Adenocarcinoma	0.1510	0.06246	0.095218	0.104326	0.102401	0.089621	0.04207	0.082609	0.07452	0.129884	0.086368	40	LUAD	0.14	Tumor		Matched	1.33333333333
A240	Non-Small Cell Lung Cancer	Lung Adenocarcinoma	0.0006	0.088271	0.095798	0.104585	0.09899	0.089261	0.048795	0.111847	0.079438	0.137418	0.096624	72	LUAD	0.29	Tumor		Matched	2.4
A241	Non-Small Cell Lung Cancer	Lung Adenocarcinoma	0.1758	0.0814	0.104363	0.111188	0.105604	0.093728	0.048831	0.102164	0.076413	0.136931	0.094202	91	LUAD	0.31	Tumor		Matched	3.1
A243	Non-Small Cell Lung Cancer	Lung Adenocarcinoma	0.4606	0.054498	0.096256	0.087183	0.086786	0.077024	0.029044	0.077755	0.078623	0.139076	0.072998	31	LUAD	0.37	Tumor		Matched	1.06666666667
A247	Non-Small Cell Lung Cancer	Lung Adenocarcinoma	0.0916	0.095835	0.099712	0.097932	0.094752	0.080183	0.055931	0.121496	0.080084	0.142557	0.09681	202	LUAD	0.14	Tumor		Matched	6.7
A249	Non-Small Cell Lung Cancer	Lung Adenocarcinoma	0.3740	0.062823	0.104104	0.108619	0.107747	0.097585	0.024767	0.089848	0.079978	0.132574	0.082043	47	LUAD	0.19	Tumor		Matched	1.6
A250	Non-Small Cell Lung Cancer	Lung Adenocarcinoma	0.4090	0.061151	0.092334	0.091971	0.090471	0.080833	0.036243	0.096104	0.089143	0.132143	0.075474	122	LUAD	0.17	Tumor		Matched	4.06666666667
A252	Non-Small Cell Lung Cancer	Lung Adenocarcinoma	0.0000	0.057235	0.100641	0.100109	0.100177	0.095251	0.06043	0.076554	0.052297	0.127843	0.086746	10	LUAD	0.27	Tumor		Matched	0.333333333333
A255	Non-Small Cell Lung Cancer	Lung Adenocarcinoma	0.0986	0.078729	0.093554	0.095584	0.09528	0.085388	0.042934	0.107712	0.063337	0.135379	0.089734	28	LUAD	0.31	Tumor		Matched	0.866666666667
A258	Non-Small Cell Lung Cancer	Lung Adenocarcinoma	0.3380	0.056852	0.106515	0.102042	0.098899	0.092267	0.044969	0.07941	0.069774	0.130564	0.085555	71	LUAD	0.2	Tumor		Matched	2.33333333333
A259	Non-Small Cell Lung Cancer	Lung Adenocarcinoma	0.2446	0.048542	0.093298	0.094413	0.091143	0.08561	0.02105	0.081134	0.061787	0.134463	0.073211	33	LUAD	0.33	Tumor		Matched	1.13333333333
A260	Non-Small Cell Lung Cancer	Lung Adenocarcinoma	0.2818	0.056448	0.105925	0.085223	0.083035	0.075787	0.028839	0.090636	0.087131	0.139071	0.071331	136	LUAD	0.5	Tumor		Matched	4.56666666667
A261	Non-Small Cell Lung Cancer	Lung Adenocarcinoma	0.2878	0.057947	0.108166	0.093353	0.091498	0.091778	0.028471	0.092304	0.087256	0.132861	0.072364	75	LUAD	0.35	Tumor		Matched	2.5
A262	Non-Small Cell Lung Cancer	Lung Adenocarcinoma	0.1308	0.048162	0.100465	0.085068	0.08238	0.078193	0.023702	0.087876	0.06823	0.13865	0.068436	92	LUAD	0.86	Tumor		Matched	3.1
A263	Non-Small Cell Lung Cancer	Lung Adenocarcinoma	0.1309	0.052308	0.096422	0.096425	0.090475	0.086872	0.030624	0.076481	0.071586	0.142654	0.080225	53	LUAD	0.72	Tumor		Matched	1.8
A264	Non-Small Cell Lung Cancer	Lung Adenocarcinoma	0.0031	0.073074	0.103112	0.115051	0.109716	0.098653	0.047287	0.095118	0.065379	0.135133	0.094063	7	LUAD	0.26	Tumor		Matched	0.233333333333
A265	Non-Small Cell Lung Cancer	Lung Adenocarcinoma	0.3309	0.068126	0.094609	0.105089	0.10155	0.088825	0.040423	0.094635	0.068186	0.133068	0.091517	73	LUAD	0.18	Tumor		Matched	2.43333333333
A266	Non-Small Cell Lung Cancer	Lung Adenocarcinoma	0.5623	0.077621	0.105228	0.100058	0.094839	0.088769	0.046667	0.104628	0.083906	0.138303	0.088167	136	LUAD	0.19	Tumor		Matched	4.53333333333
A267	Non-Small Cell Lung Cancer	Lung Adenocarcinoma	0.2457	0.067902	0.09695	0.112275	0.106304	0.092942	0.03698	0.087848	0.064988	0.138073	0.090573	204	LUAD	0.12	Tumor		Matched	6.8
A268	Non-Small Cell Lung Cancer	Lung Adenocarcinoma	0.0024	0.052585	0.101526	0.098878	0.100516	0.101123	0.057303	0.069521	0.05143	0.132291	0.085048	14	LUAD	0.26	Tumor		Matched	0.5
A269	Non-Small Cell Lung Cancer	Lung Adenocarcinoma	0.3280	0.066407	0.089516	0.081879	0.081359	0.076937	0.028939	0.090792	0.060914	0.1341	0.077287	55	LUAD	0.46	Tumor		Matched	1.86666666667
A270	Non-Small Cell Lung Cancer	Lung Adenocarcinoma	0.1877	0.066359	0.099928	0.104351	0.102387	0.095446	0.054715	0.085417	0.0665	0.133197	0.091256	30	LUAD	0.13	Tumor		Matched	1.0
A271	Non-Small Cell Lung Cancer	Lung Adenocarcinoma	0.3405	0.064968	0.098396	0.101102	0.097362	0.092602	0.038006	0.100494	0.083135	0.136112	0.084209	445	LUAD	0.17	Tumor		Matched	14.7666666667
A272	Non-Small Cell Lung Cancer	Lung Adenocarcinoma	0.1679	0.048546	0.09136	0.079972	0.081731	0.071405	0.017793	0.081444	0.068277	0.14553	0.063624	48	LUAD	0.46	Tumor		Matched	1.6
A273	Non-Small Cell Lung Cancer	Lung Adenocarcinoma	0.6987	0.062023	0.106108	0.097906	0.095841	0.087932	0.029493	0.094541	0.072999	0.127423	0.079853	143	LUAD	0.28	Tumor		Matched	4.73333333333
A274	Non-Small Cell Lung Cancer	Lung Adenocarcinoma	0.3387	0.054284	0.103312	0.098174	0.094637	0.088914	0.040034	0.09057	0.071459	0.127777	0.079887	50	LUAD	0.26	Tumor		Matched	1.66666666667
A275	Non-Small Cell Lung Cancer	Lung Adenocarcinoma	0.4092	0.059542	0.105946	0.101519	0.098509	0.090606	0.031576	0.092484	0.085941	0.127707	0.080371	61	LUAD	0.17	Tumor		Matched	2.03333333333
A276	Non-Small Cell Lung Cancer	Lung Adenocarcinoma	0.3902	0.076658	0.099271	0.107279	0.104236	0.093737	0.03262	0.105458	0.075055	0.131315	0.089054	83	LUAD	0.19	Tumor		Matched	2.76666666667
A277	Non-Small Cell Lung Cancer	Lung Adenocarcinoma	0.0884	0.049691	0.088893	0.081104	0.077898	0.074471	0.025367	0.090165	0.061683	0.139431	0.071768	52	LUAD	0.83	Tumor		Matched	1.73333333333
A278	Non-Small Cell Lung Cancer	Lung Adenocarcinoma	0.0673	0.072417	0.097396	0.103836	0.101957	0.092029	0.037383	0.110228	0.070194	0.134121	0.087455	47	LUAD	0.34	Tumor		Matched	1.56666666667
A279	Non-Small Cell Lung Cancer	Lung Adenocarcinoma	0.6644	0.056442	0.101857	0.097568	0.09626	0.088054	0.033504	0.082003	0.073981	0.128431	0.07989	62	LUAD	0.17	Tumor		Matched	2.06666666667
A280	Non-Small Cell Lung Cancer	Lung Adenocarcinoma	0.0984	0.061068	0.091809	0.095746	0.093977	0.087874	0.03547	0.097466	0.059385	0.134742	0.081195	20	LUAD	0.5	Tumor		Matched	0.666666666667
A281	Non-Small Cell Lung Cancer	Lung Adenocarcinoma	0.2966	0.057978	0.101497	0.110272	0.105245	0.091375	0.038567	0.09745	0.066473	0.136581	0.089691	58	LUAD	0.21	Tumor		Matched	1.93333333333
A282	Non-Small Cell Lung Cancer	Lung Adenocarcinoma	0.2763	0.059125	0.100818	0.096564	0.092384	0.080955	0.0265	0.105526	0.070385	0.13437	0.079935	49	LUAD	0.6	Tumor		Matched	1.7
A283	Non-Small Cell Lung Cancer	Lung Adenocarcinoma	0.0054	0.061889	0.101276	0.106634	0.103752	0.099731	0.053326	0.078865	0.065061	0.131926	0.09147	26	LUAD	0.17	Tumor		Matched	0.866666666667
A284	Non-Small Cell Lung Cancer	Lung Adenocarcinoma	0.3202	0.04982	0.106573	0.099749	0.098844	0.089075	0.028436	0.073364	0.074407	0.128137	0.078031	65	LUAD	0.33	Tumor		Matched	2.2
A285	Non-Small Cell Lung Cancer	Lung Adenocarcinoma	0.2669	0.073618	0.107822	0.100858	0.09646	0.089286	0.041636	0.111777	0.077676	0.129034	0.08914	81	LUAD	0.31	Tumor		Matched	2.73333333333
A295	Non-Small Cell Lung Cancer	Lung Adenocarcinoma	0.1898											36	LUAD	0.59	Tumor		Matched	1.2
A302	Non-Small Cell Lung Cancer	Lung Adenocarcinoma	0.5212											60	LUAD	0.23	Tumor		Matched	1.96666666667
A306	Non-Small Cell Lung Cancer	Lung Adenocarcinoma	0.6742	0.069277	0.092092	0.089559	0.089039	0.078427	0.032943	0.096129	0.082513	0.139156	0.082066	1053	LUAD	0.18	Tumor		Matched	35.1
A307	Non-Small Cell Lung Cancer	Lung Adenocarcinoma	0.5838	0.057437	0.101623	0.094005	0.090244	0.079362	0.040778	0.076572	0.069403	0.134138	0.080022	55	LUAD	0.4	Tumor		Matched	1.8
A310	Non-Small Cell Lung Cancer	Lung Adenocarcinoma	0.2747	0.041756	0.096852	0.091502	0.089293	0.075317	0.029932	0.068121	0.066634	0.145503	0.071472	56	LUAD	0.56	Tumor		Matched	1.83333333333
A315	Non-Small Cell Lung Cancer	Lung Adenocarcinoma	0.2180	0.058697	0.092635	0.097332	0.094672	0.082765	0.039918	0.087998	0.063132	0.132377	0.081863	26	LUAD	0.2	Tumor		Matched	0.9
A316	Non-Small Cell Lung Cancer	Lung Adenocarcinoma	0.5716	0.05472	0.09295	0.094788	0.091952	0.084188	0.036703	0.07706	0.074877	0.140725	0.080754	48	LUAD	0.28	Tumor		Matched	1.56666666667
A320	Non-Small Cell Lung Cancer	Lung Adenocarcinoma	0.1386	0.052004	0.093394	0.102752	0.099407	0.089144	0.032102	0.078847	0.062218	0.14197	0.079685	23	LUAD	0.3	Tumor		Matched	0.766666666667
A322	Non-Small Cell Lung Cancer	Lung Adenocarcinoma	0.1802	0.045356	0.091258	0.093502	0.091062	0.082395	0.020179	0.091496	0.071274	0.136978	0.068616	36	LUAD	0.6	Tumor		Matched	1.2
A323	Non-Small Cell Lung Cancer	Lung Adenocarcinoma	0.6199	0.052055	0.102409	0.094504	0.092837	0.076221	0.039147	0.056426	0.071892	0.130319	0.080562	54	LUAD	0.27	Tumor		Matched	1.83333333333
A344	Non-Small Cell Lung Cancer	Lung Adenocarcinoma	0.0007											4	LUAD	0.3	Tumor		Matched	0.133333333333
A349	Non-Small Cell Lung Cancer	Lung Adenocarcinoma	0.6955											139	LUAD	0.39	Tumor		Matched	4.63333333333
A364	Non-Small Cell Lung Cancer	Lung Adenocarcinoma	0.0833											93	LUAD	0.66	Tumor		Matched	3.16666666667
A368	Non-Small Cell Lung Cancer	Lung Adenocarcinoma	0.1234											27	LUAD	0.17	Tumor		Matched	0.933333333333
A375	Non-Small Cell Lung Cancer	Lung Adenocarcinoma	0.2835	0.048931	0.101329	0.098973	0.092739	0.083943	0.024826	0.068855	0.062291	0.129137	0.074588	70	LUAD	0.38	Tumor		Matched	2.3
A377	Non-Small Cell Lung Cancer	Lung Adenocarcinoma	0.6748	0.05326	0.094059	0.099098	0.096987	0.086507	0.029468	0.079017	0.063367	0.139281	0.080781	53	LUAD	0.16	Tumor		Matched	1.76666666667
A379	Non-Small Cell Lung Cancer	Lung Adenocarcinoma	0.2940	0.092891	0.089589	0.090315	0.087829	0.079455	0.032981	0.086022	0.070643	0.141219	0.087112	30	LUAD	0.21	Tumor		Matched	1.0
A380	Non-Small Cell Lung Cancer	Lung Adenocarcinoma	0.2934	0.057376	0.094961	0.094707	0.093679	0.082802	0.042705	0.079293	0.061349	0.132991	0.080484	34	LUAD	0.12	Tumor		Matched	1.13333333333
A381	Non-Small Cell Lung Cancer	Lung Adenocarcinoma	0.1552	0.055556	0.085338	0.092389	0.091533	0.080248	0.02037	0.084451	0.064019	0.146766	0.0743	48	LUAD	0.67	Tumor		Matched	1.6
A425	Non-Small Cell Lung Cancer	Lung Adenocarcinoma	0.5774	0.059062	0.105232	0.09716	0.094319	0.084277	0.04964	0.074207	0.066506	0.133748	0.083995	57	LUAD	0.18	Tumor		Matched	1.93333333333
A426	Non-Small Cell Lung Cancer	Lung Adenocarcinoma	0.1038	0.067409	0.094031	0.10125	0.097601	0.086001	0.026184	0.088718	0.064595	0.139913	0.083888	37	LUAD	0.57	Tumor		Matched	1.26666666667
A428	Non-Small Cell Lung Cancer	Lung Adenocarcinoma	0.0965	0.040941	0.086077	0.090114	0.088403	0.080298	0.021375	0.08448	0.063478	0.146695	0.068993	38	LUAD	0.67	Tumor		Matched	1.3
A430	Non-Small Cell Lung Cancer	Lung Adenocarcinoma	0.2649	0.069551	0.090178	0.090986	0.088259	0.078086	0.021904	0.105965	0.06945	0.137579	0.080767	29	LUAD	0.24	Tumor		Matched	0.966666666667
A432	Non-Small Cell Lung Cancer	Lung Adenocarcinoma	0.3597	0.071193	0.106726	0.100961	0.095773	0.083352	0.038863	0.100754	0.083766	0.141138	0.088273	35	LUAD	0.28	Tumor		Matched	1.16666666667
A433	Non-Small Cell Lung Cancer	Lung Adenocarcinoma	0.3974	0.068706	0.105081	0.099106	0.094692	0.082472	0.045504	0.114729	0.088792	0.133237	0.085819	146	LUAD	0.24	Tumor		Matched	4.83333333333
A434	Non-Small Cell Lung Cancer	Lung Adenocarcinoma	0.4587	0.063055	0.106207	0.101274	0.095866	0.084919	0.037449	0.090064	0.065443	0.142379	0.088014	47	LUAD	0.26	Tumor		Matched	1.56666666667
A435	Non-Small Cell Lung Cancer	Lung Adenocarcinoma	0.5382											56	LUAD	0.2	Tumor		Matched	1.86666666667
A483	Non-Small Cell Lung Cancer	Lung Adenocarcinoma	0.0469	0.0645	0.099796	0.102749	0.105093	0.094507	0.042429	0.090681	0.063187	0.145404	0.086453	35	LUAD	0.21	Tumor		Matched	1.16666666667
A484	Non-Small Cell Lung Cancer	Lung Adenocarcinoma		0.031588	0.081594	0.089926	0.095317	0.085762	0.016225	0.051643	0.05183	0.152922	0.059975		LUAD		Tumor		Matched	
A485	Non-Small Cell Lung Cancer	Lung Adenocarcinoma	0.1744											59	LUAD	0.73	Tumor		Matched	1.96666666667
A486	Non-Small Cell Lung Cancer	Lung Adenocarcinoma	0.0678	0.078022	0.100261	0.09948	0.102128	0.089915	0.040442	0.099911	0.065131	0.150044	0.090604	26	LUAD	0.13	Tumor		Matched	0.866666666667
A488	Non-Small Cell Lung Cancer	Lung Adenocarcinoma	0.3428	0.076456	0.102323	0.102806	0.102344	0.088708	0.031483	0.109193	0.081303	0.143196	0.09088	77	LUAD	0.2	Tumor		Matched	2.53333333333
A489	Non-Small Cell Lung Cancer	Lung Adenocarcinoma		0.057426	0.106849	0.103475	0.102245	0.0968	0.034171	0.091559	0.085559	0.146153	0.080429		LUAD		Tumor		Matched	
A490	Non-Small Cell Lung Cancer	Lung Adenocarcinoma	0.3679	0.06527	0.095933	0.097103	0.10216	0.083048	0.025779	0.096638	0.069543	0.146837	0.077665	80	LUAD	0.4	Tumor		Matched	2.73333333333
A492	Non-Small Cell Lung Cancer	Lung Adenocarcinoma	0.4031	0.061986	0.097425	0.107226	0.101832	0.090375	0.027093	0.088376	0.079787	0.133684	0.083676	48	LUAD	0.21	Tumor		Matched	1.6
A493	Non-Small Cell Lung Cancer	Lung Adenocarcinoma	0.0317	0.081089	0.103894	0.107651	0.107364	0.09581	0.05007	0.11265	0.077071	0.143835	0.093218	49	LUAD	0.24	Tumor		Matched	1.56666666667
A494	Non-Small Cell Lung Cancer	Lung Adenocarcinoma	0.1290											65	LUAD	0.68	Tumor		Matched	2.16666666667
A495	Non-Small Cell Lung Cancer	Lung Adenocarcinoma	0.3166											73	LUAD	0.44	Tumor		Matched	2.43333333333
A496	Non-Small Cell Lung Cancer	Lung Adenocarcinoma	0.0156	0.09143	0.096763	0.109663	0.110963	0.097169	0.046153	0.10779	0.069108	0.149823	0.097313	6	LUAD	0.13	Tumor		Matched	0.2
A497	Non-Small Cell Lung Cancer	Lung Adenocarcinoma	0.6054											68	LUAD	0.24	Tumor		Matched	2.33333333333
A499	Non-Small Cell Lung Cancer	Lung Adenocarcinoma	0.0608	0.092374	0.101588	0.1078	0.104772	0.09105	0.055853	0.121434	0.068724	0.152855	0.100779	16	LUAD	0.12	Tumor		Matched	0.5
A500	Non-Small Cell Lung Cancer	Lung Adenocarcinoma	0.0074	0.10112	0.100044	0.108846	0.102133	0.095185	0.048351	0.114981	0.085436	0.15155	0.11126	3	LUAD	0.3	Tumor		Matched	0.0666666666667
A501	Non-Small Cell Lung Cancer	Lung Adenocarcinoma	0.0152											2	LUAD	0.21	Tumor		Matched	0.0333333333333
A502	Non-Small Cell Lung Cancer	Lung Adenocarcinoma	0.3251											68	LUAD	0.4	Tumor		Matched	2.3
A503	Non-Small Cell Lung Cancer	Lung Adenocarcinoma	0.3098	0.058699	0.091234	0.101215	0.100525	0.09081	0.03135	0.077581	0.083138	0.146212	0.084594	47	LUAD	0.44	Tumor		Matched	1.56666666667
A504	Non-Small Cell Lung Cancer	Lung Adenocarcinoma	0.5132	0.058649	0.103709	0.09859	0.094796	0.088125	0.037316	0.087201	0.066779	0.130562	0.081728	110	LUAD	0.36	Tumor		Matched	3.66666666667
A505	Non-Small Cell Lung Cancer	Lung Adenocarcinoma	0.0642											141	LUAD	0.36	Tumor		Matched	4.66666666667
A507	Non-Small Cell Lung Cancer	Lung Adenocarcinoma	0.0003											2	LUAD	0.26	Tumor		Matched	0.0666666666667
A508	Non-Small Cell Lung Cancer	Lung Adenocarcinoma	0.0001	0.087469	0.101227	0.118982	0.116963	0.100625	0.062166	0.112226	0.065449	0.154594	0.098651	7	LUAD	0.3	Tumor		Matched	0.233333333333
A509	Non-Small Cell Lung Cancer	Lung Adenocarcinoma	0.2953	0.06778	0.099478	0.107021	0.101513	0.091426	0.041089	0.096563	0.080752	0.137977	0.088532	253	LUAD	0.34	Tumor		Matched	8.3
A510	Non-Small Cell Lung Cancer	Lung Adenocarcinoma	0.3142	0.058763	0.091498	0.098529	0.097851	0.090577	0.027583	0.085935	0.069096	0.137679	0.081949	108	LUAD	0.28	Tumor		Matched	3.6
A511	Non-Small Cell Lung Cancer	Lung Adenocarcinoma	0.3750	0.072329	0.096102	0.102204	0.102616	0.089474	0.031624	0.104745	0.081183	0.137651	0.088368	43	LUAD	0.17	Tumor		Matched	1.43333333333
A512	Non-Small Cell Lung Cancer	Lung Adenocarcinoma	0.1008	0.034878	0.086364	0.0903	0.091505	0.08211	0.021468	0.059021	0.063227	0.141469	0.07118	20	LUAD	0.73	Tumor		Matched	0.666666666667
A513	Non-Small Cell Lung Cancer	Lung Adenocarcinoma	0.0036											38	LUAD	0.24	Tumor		Matched	1.26666666667
A514	Non-Small Cell Lung Cancer	Lung Adenocarcinoma	0.1269	0.059997	0.099182	0.104975	0.102955	0.093026	0.036301	0.086155	0.069935	0.136299	0.088466	15	LUAD	0.12	Tumor		Matched	0.5
A517	Non-Small Cell Lung Cancer	Lung Adenocarcinoma	0.8037	0.088251	0.096058	0.096814	0.093393	0.083458	0.04165	0.104406	0.064475	0.140901	0.094916	49	LUAD	0.16	Tumor		Matched	1.6
A519	Non-Small Cell Lung Cancer	Lung Adenocarcinoma	0.7320	0.061555	0.099583	0.099027	0.097444	0.089084	0.031645	0.098401	0.072793	0.136515	0.080802	81	LUAD	0.37	Tumor		Matched	2.7
A521	Non-Small Cell Lung Cancer	Lung Adenocarcinoma	0.4340	0.081904	0.100531	0.101443	0.097445	0.086046	0.034664	0.106381	0.081276	0.134237	0.091367	51	LUAD	0.18	Tumor		Matched	1.73333333333
A522	Non-Small Cell Lung Cancer	Lung Adenocarcinoma	0.0002	0.052819	0.096683	0.104674	0.103732	0.095248	0.049426	0.0862	0.062796	0.134706	0.087027	13	LUAD	0.26	Tumor		Matched	0.433333333333
A524	Non-Small Cell Lung Cancer	Lung Adenocarcinoma	0.2194	0.084285	0.09521	0.105263	0.100425	0.088257	0.046103	0.107087	0.067646	0.137306	0.093787	27	LUAD	0.14	Tumor		Matched	0.833333333333
A530	Non-Small Cell Lung Cancer	Lung Adenocarcinoma	0.0253	0.056086	0.094705	0.105524	0.102097	0.093323	0.037122	0.091814	0.059413	0.13962	0.084154	56	LUAD	0.24	Tumor		Matched	1.9
A532	Non-Small Cell Lung Cancer	Lung Adenocarcinoma	0.4239	0.086816	0.095946	0.104732	0.101804	0.095125	0.051699	0.113761	0.075912	0.139187	0.094697	722	LUAD	0.18	Tumor		Matched	24.2333333333
A534	Non-Small Cell Lung Cancer	Lung Adenocarcinoma	0.1284	0.049023	0.084729	0.083448	0.083668	0.077925	0.030941	0.089553	0.065397	0.143842	0.075043	45	LUAD	0.84	Tumor		Matched	1.5
A537	Non-Small Cell Lung Cancer	Lung Adenocarcinoma	0.2832	0.062563	0.09774	0.097936	0.096329	0.084982	0.033729	0.085874	0.059159	0.14297	0.083664	90	LUAD	0.42	Tumor		Matched	3.06666666667
A538	Non-Small Cell Lung Cancer	Lung Adenocarcinoma	0.1309	0.089621	0.098628	0.100214	0.097158	0.090804	0.041165	0.099294	0.073304	0.138435	0.09388	30	LUAD	0.12	Tumor		Matched	1.03333333333
BGI-EX01	Non-Small Cell Lung Cancer	Lung Adenocarcinoma	0.5406											87	LUAD	0.24	Tumor	Primary	Matched	2.9
BGI-EX02	Non-Small Cell Lung Cancer	Lung Adenocarcinoma	0.4814											44	LUAD	0.17	Tumor	Primary	Matched	1.46666666667
BGI-EX03	Non-Small Cell Lung Cancer	Lung Adenocarcinoma	0.6506											549	LUAD	0.14	Tumor	Primary	Matched	18.2333333333
BGI-EX04	Non-Small Cell Lung Cancer	Lung Adenocarcinoma	0.3174											35	LUAD	0.3	Tumor	Primary	Matched	1.16666666667
BGI-EX05	Non-Small Cell Lung Cancer	Lung Adenocarcinoma	0.1371											47	LUAD	0.13	Tumor	Primary	Matched	1.6
BGI-EX06	Non-Small Cell Lung Cancer	Lung Adenocarcinoma	0.1373											257	LUAD	0.58	Tumor	Primary	Matched	8.6
BGI-EX07	Non-Small Cell Lung Cancer	Lung Adenocarcinoma	0.1375											214	LUAD	0.16	Tumor	Primary	Matched	7.06666666667
BGI-EX08	Non-Small Cell Lung Cancer	Lung Adenocarcinoma	0.4720											48	LUAD	0.23	Tumor	Primary	Matched	1.6
BGI-EX09	Non-Small Cell Lung Cancer	Lung Adenocarcinoma	0.3529											343	LUAD	0.3	Tumor	Primary	Matched	11.4333333333
BGI-RS01	Non-Small Cell Lung Cancer	Lung Adenocarcinoma	0.5636											30	LUAD	0.16	Tumor	Primary	Matched	0.966666666667
BGI-RS02	Non-Small Cell Lung Cancer	Lung Adenocarcinoma	0.4438											33	LUAD	0.22	Tumor	Primary	Matched	1.1
BGI-RS03	Non-Small Cell Lung Cancer	Lung Adenocarcinoma	0.6969											322	LUAD	0.17	Tumor	Primary	Matched	10.7666666667
BGI-RS04	Non-Small Cell Lung Cancer	Lung Adenocarcinoma	0.2609											17	LUAD	0.25	Tumor	Primary	Matched	0.566666666667
BGI-RS05	Non-Small Cell Lung Cancer	Lung Adenocarcinoma	0.1669											220	LUAD	0.16	Tumor	Primary	Matched	7.26666666667
BGI-RS06	Non-Small Cell Lung Cancer	Lung Adenocarcinoma	0.4537											241	LUAD	0.16	Tumor	Primary	Matched	8.03333333333
BGI-RS07	Non-Small Cell Lung Cancer	Lung Adenocarcinoma	0.4910											180	LUAD	0.18	Tumor	Primary	Matched	6.0
BGI-RS08	Non-Small Cell Lung Cancer	Lung Adenocarcinoma	0.1902											167	LUAD	0.14	Tumor	Primary	Matched	5.63333333333
BGI-RS09	Non-Small Cell Lung Cancer	Lung Adenocarcinoma	0.6100											27	LUAD	0.12	Tumor	Primary	Matched	0.9
BGI-RS10	Non-Small Cell Lung Cancer	Lung Adenocarcinoma	0.3085											429	LUAD	0.18	Tumor	Primary	Matched	14.4
BGI-RS11	Non-Small Cell Lung Cancer	Lung Adenocarcinoma	0.1641											247	LUAD	0.16	Tumor	Primary	Matched	8.13333333333
BGI-RS12	Non-Small Cell Lung Cancer	Lung Adenocarcinoma	0.3775											24	LUAD	0.19	Tumor	Primary	Matched	0.8
BGI-RS13	Non-Small Cell Lung Cancer	Lung Adenocarcinoma	0.2249											170	LUAD	0.18	Tumor	Primary	Matched	5.63333333333
BGI-RS14	Non-Small Cell Lung Cancer	Lung Adenocarcinoma	0.4176											328	LUAD	0.31	Tumor	Primary	Matched	10.9333333333
BGI-RS15	Non-Small Cell Lung Cancer	Lung Adenocarcinoma	0.0049											95	LUAD	0.16	Tumor	Primary	Matched	3.13333333333
BGI-RS16	Non-Small Cell Lung Cancer	Lung Adenocarcinoma	0.7131											45	LUAD	0.26	Tumor	Primary	Matched	1.46666666667
BGI-RS17	Non-Small Cell Lung Cancer	Lung Adenocarcinoma	0.4605											36	LUAD	0.16	Tumor	Primary	Matched	1.23333333333
BGI-RS18	Non-Small Cell Lung Cancer	Lung Adenocarcinoma	0.1993											94	LUAD	0.17	Tumor	Primary	Matched	3.2
BGI-RS19	Non-Small Cell Lung Cancer	Lung Adenocarcinoma	0.4514											30	LUAD	0.15	Tumor	Primary	Matched	1.0
BGI-RS20	Non-Small Cell Lung Cancer	Lung Adenocarcinoma	0.4719											73	LUAD	0.62	Tumor	Primary	Matched	2.46666666667
BGI-RS21	Non-Small Cell Lung Cancer	Lung Adenocarcinoma	0.6318											38	LUAD	0.21	Tumor	Primary	Matched	1.3
BGI-RS22	Non-Small Cell Lung Cancer	Lung Adenocarcinoma	0.1934											38	LUAD	0.14	Tumor	Primary	Matched	1.26666666667
BGI-RS23	Non-Small Cell Lung Cancer	Lung Adenocarcinoma	0.4504											44	LUAD	0.28	Tumor	Primary	Matched	1.43333333333
BGI-RS24	Non-Small Cell Lung Cancer	Lung Adenocarcinoma	0.0676											66	LUAD	0.48	Tumor	Primary	Matched	2.2
BGI-RS25	Non-Small Cell Lung Cancer	Lung Adenocarcinoma	0.5510											49	LUAD	0.25	Tumor	Primary	Matched	1.6
BGI-RS26	Non-Small Cell Lung Cancer	Lung Adenocarcinoma	0.2850											228	LUAD	0.18	Tumor	Primary	Matched	7.53333333333
BGI-RS27	Non-Small Cell Lung Cancer	Lung Adenocarcinoma	0.4021											231	LUAD	0.59	Tumor	Primary	Matched	7.73333333333
BGI-RS28	Non-Small Cell Lung Cancer	Lung Adenocarcinoma	0.4977											136	LUAD	0.26	Tumor	Primary	Matched	4.53333333333
BGI-RS29	Non-Small Cell Lung Cancer	Lung Adenocarcinoma	0.1703											17	LUAD	0.19	Tumor	Primary	Matched	0.6
BGI-RS30	Non-Small Cell Lung Cancer	Lung Adenocarcinoma	0.5865											72	LUAD	0.26	Tumor	Primary	Matched	2.4
BGI-RS31	Non-Small Cell Lung Cancer	Lung Adenocarcinoma	0.0928											82	LUAD	0.22	Tumor	Primary	Matched	2.73333333333
BGI-RS32	Non-Small Cell Lung Cancer	Lung Adenocarcinoma	0.2287											41	LUAD	0.22	Tumor	Primary	Matched	1.4
BGI-RS33	Non-Small Cell Lung Cancer	Lung Adenocarcinoma	0.6959											177	LUAD	0.28	Tumor	Primary	Matched	5.9
BGI-RS34	Non-Small Cell Lung Cancer	Lung Adenocarcinoma	0.1336											151	LUAD	0.18	Tumor	Primary	Matched	5.0
BGI-RS35	Non-Small Cell Lung Cancer	Lung Adenocarcinoma	0.4152											72	LUAD	0.33	Tumor	Primary	Matched	2.4
BGI-RS36	Non-Small Cell Lung Cancer	Lung Adenocarcinoma	0.4854											157	LUAD	0.18	Tumor	Primary	Matched	5.23333333333
BGI-RS37	Non-Small Cell Lung Cancer	Lung Adenocarcinoma	0.1089											19	LUAD	0.13	Tumor	Primary	Matched	0.633333333333
BGI-RS38	Non-Small Cell Lung Cancer	Lung Adenocarcinoma	0.2082											31	LUAD	0.57	Tumor	Primary	Matched	1.03333333333
BGI-RS39	Non-Small Cell Lung Cancer	Lung Adenocarcinoma	0.3904											37	LUAD	0.55	Tumor	Primary	Matched	1.23333333333
BGI-RS40	Non-Small Cell Lung Cancer	Lung Adenocarcinoma	0.3906											314	LUAD	0.6	Tumor	Primary	Matched	10.4
BGI-RS41	Non-Small Cell Lung Cancer	Lung Adenocarcinoma	0.0381											20	LUAD	0.14	Tumor	Primary	Matched	0.7
BGI-RS42	Non-Small Cell Lung Cancer	Lung Adenocarcinoma	0.1538											25	LUAD	0.2	Tumor	Primary	Matched	0.833333333333
BGI-RS44	Non-Small Cell Lung Cancer	Lung Adenocarcinoma	0.1719											18	LUAD	0.2	Tumor	Primary	Matched	0.6
BGI-RS45	Non-Small Cell Lung Cancer	Lung Adenocarcinoma	0.6164											48	LUAD	0.2	Tumor	Primary	Matched	1.6
BGI-RS46	Non-Small Cell Lung Cancer	Lung Adenocarcinoma	0.0659											26	LUAD	0.2	Tumor	Primary	Matched	0.866666666667
BGI-RS47	Non-Small Cell Lung Cancer	Lung Adenocarcinoma	0.1525											19	LUAD	0.2	Tumor	Primary	Matched	0.633333333333
BGI-RS48	Non-Small Cell Lung Cancer	Lung Adenocarcinoma	0.5407											83	LUAD	0.24	Tumor	Primary	Matched	2.73333333333
BGI-RS49	Non-Small Cell Lung Cancer	Lung Adenocarcinoma	0.1834											148	LUAD	0.18	Tumor	Primary	Matched	4.93333333333
BGI-RS50	Non-Small Cell Lung Cancer	Lung Adenocarcinoma	0.4499											144	LUAD	0.58	Tumor	Primary	Matched	4.83333333333
BGI-RS51	Non-Small Cell Lung Cancer	Lung Adenocarcinoma	0.0395											24	LUAD	0.39	Tumor	Primary	Matched	0.8
BGI-RS52	Non-Small Cell Lung Cancer	Lung Adenocarcinoma	0.6570											28	LUAD	0.12	Tumor	Primary	Matched	0.933333333333
BGI-RS53	Non-Small Cell Lung Cancer	Lung Adenocarcinoma	0.3559											31	LUAD	0.16	Tumor	Primary	Matched	1.03333333333
BGI-RS54	Non-Small Cell Lung Cancer	Lung Adenocarcinoma	0.6699											61	LUAD	0.23	Tumor	Primary	Matched	2.13333333333
BGI-RS55	Non-Small Cell Lung Cancer	Lung Adenocarcinoma	0.3622											108	LUAD	0.32	Tumor	Primary	Matched	3.56666666667
BGI-RS56	Non-Small Cell Lung Cancer	Lung Adenocarcinoma	0.5411											290	LUAD	0.16	Tumor	Primary	Matched	9.66666666667
BGI-RS57	Non-Small Cell Lung Cancer	Lung Adenocarcinoma	0.3946											544	LUAD	0.38	Tumor	Primary	Matched	18.3
BGI-RS58	Non-Small Cell Lung Cancer	Lung Adenocarcinoma	0.8101											75	LUAD	0.15	Tumor	Primary	Matched	2.5
BGI-RS59	Non-Small Cell Lung Cancer	Lung Adenocarcinoma	0.3771											205	LUAD	0.29	Tumor	Primary	Matched	6.86666666667
BGI-RS60	Non-Small Cell Lung Cancer	Lung Adenocarcinoma	0.5077											943	LUAD	0.25	Tumor	Primary	Matched	31.5
BGI-WG01	Non-Small Cell Lung Cancer	Lung Adenocarcinoma	0.2059											234	LUAD	0.28	Tumor	Primary	Matched	7.76666666667
BGI-WG02	Non-Small Cell Lung Cancer	Lung Adenocarcinoma	0.0907											102	LUAD	0.14	Tumor	Primary	Matched	3.43333333333
BGI-WG03	Non-Small Cell Lung Cancer	Lung Adenocarcinoma	0.3577											51	LUAD	0.43	Tumor	Primary	Matched	1.63333333333
BGI-WG04	Non-Small Cell Lung Cancer	Lung Adenocarcinoma	0.1342											32	LUAD	0.54	Tumor	Primary	Matched	1.06666666667
BGI-WG05	Non-Small Cell Lung Cancer	Lung Adenocarcinoma	0.2543											64	LUAD	0.31	Tumor	Primary	Matched	2.13333333333
BGI-WG06	Non-Small Cell Lung Cancer	Lung Adenocarcinoma	0.1579											37	LUAD	0.34	Tumor	Primary	Matched	1.26666666667
BGI-WG07	Non-Small Cell Lung Cancer	Lung Adenocarcinoma	0.1042											30	LUAD	0.13	Tumor	Primary	Matched	1.03333333333
BGI-WG08	Non-Small Cell Lung Cancer	Lung Adenocarcinoma	0.5251											721	LUAD	0.19	Tumor	Primary	Matched	24.0333333333
BGI-WG09	Non-Small Cell Lung Cancer	Lung Adenocarcinoma	0.0151											19	LUAD	0.14	Tumor	Primary	Matched	0.633333333333
BGI-WG10	Non-Small Cell Lung Cancer	Lung Adenocarcinoma	0.2053											501	LUAD	0.29	Tumor	Primary	Matched	16.6
BGI-WG11	Non-Small Cell Lung Cancer	Lung Adenocarcinoma	0.6361											47	LUAD	0.2	Tumor	Primary	Matched	1.56666666667
BGI-WG12	Non-Small Cell Lung Cancer	Lung Adenocarcinoma	0.0869											38	LUAD	0.17	Tumor	Primary	Matched	1.3
BGI-WG13	Non-Small Cell Lung Cancer	Lung Adenocarcinoma	0.3675											39	LUAD	0.18	Tumor	Primary	Matched	1.3
BGI-WG14	Non-Small Cell Lung Cancer	Lung Adenocarcinoma	0.8064											72	LUAD	0.24	Tumor	Primary	Matched	2.43333333333
BGI-WG15	Non-Small Cell Lung Cancer	Lung Adenocarcinoma	0.5680											131	LUAD	0.18	Tumor	Primary	Matched	4.33333333333
BGI-WG16	Non-Small Cell Lung Cancer	Lung Adenocarcinoma	0.4443											46	LUAD	0.23	Tumor	Primary	Matched	1.53333333333
BGI-WG17	Non-Small Cell Lung Cancer	Lung Adenocarcinoma	0.6955											67	LUAD	0.41	Tumor	Primary	Matched	2.23333333333
BGI-WG18	Non-Small Cell Lung Cancer	Lung Adenocarcinoma	0.4989											94	LUAD	0.4	Tumor	Primary	Matched	3.13333333333
BGI-WG19	Non-Small Cell Lung Cancer	Lung Adenocarcinoma	0.0724											17	LUAD	0.16	Tumor	Primary	Matched	0.6
BGI-WG20	Non-Small Cell Lung Cancer	Lung Adenocarcinoma	0.1632											110	LUAD	0.37	Tumor	Primary	Matched	3.66666666667
BGI-WG21	Non-Small Cell Lung Cancer	Lung Adenocarcinoma	0.0658											29	LUAD	0.15	Tumor	Primary	Matched	0.933333333333
BGI-WG22	Non-Small Cell Lung Cancer	Lung Adenocarcinoma	0.1698											28	LUAD	0.23	Tumor	Primary	Matched	0.966666666667
BGI-WG23	Non-Small Cell Lung Cancer	Lung Adenocarcinoma	0.1111											98	LUAD	0.43	Tumor	Primary	Matched	3.26666666667
BGI-WG24	Non-Small Cell Lung Cancer	Lung Adenocarcinoma	0.4268											103	LUAD	0.63	Tumor	Primary	Matched	3.33333333333
