patientId,AGE,SEX,STAGE,SMOKING_STATUS,SMOKING_PACK_YEARS,TKI_TREATMENT,CHEMOTHERAPY,ETHNICITY,HISTOLOGICAL_GRADE,OS_MONTHS,OS_STATUS,OS_event,STAGE_CLEAN,stage_group,egfr_class_simplified,egfr_primary_class,egfr_status,mut_TP53,mut_KRAS,mut_STK11,mut_KEAP1,mut_NF1,mut_BRAF,mut_PIK3CA
A006,56,Female,I,No,,No,No,Chinese,Moderately differentiated,61.6,0:LIVING,0.0,I,Early,Wildtype,,0,0,0,0,0,0,0,0
A008,56,Female,III,No,,No,Yes,Chinese,Moderately differentiated,23.1,1:DECEASED,1.0,III,Late,Wildtype,,0,0,0,0,0,0,0,0
A012,69,Male,I,Yes,32.0,No,No,Chinese,Moderately to Poorly differentiated,58.26666667,0:LIVING,0.0,I,Early,Wildtype,,0,0,1,0,0,0,0,0
A015,69,Female,II,No,,No,No,Chinese,Moderately differentiated,28.73333333,1:DECEASED,1.0,II,Early,L858R,L858R,1,0,0,0,0,0,0,0
A016,78,Male,I,Yes,,No,No,Chinese,Poorly differentiated,52.46666667,0:LIVING,0.0,I,Early,Wildtype,,0,1,1,0,0,0,0,0
A017,52,Female,II,No,,No,No,Chinese,,53.46666667,0:LIVING,0.0,II,Early,L858R,L858R,1,1,0,0,0,1,0,0
A021,57,Female,I,No,,No,No,Chinese,Moderately differentiated,54.73333333,0:LIVING,0.0,I,Early,L858R,L858R,1,1,0,0,0,0,0,0
A025,76,Male,II,Yes,5.0,No,No,Chinese,,53.1,1:DECEASED,1.0,II,Early,Wildtype,,0,0,1,0,0,0,0,0
A027,58,Female,I,No,,No,No,Chinese,Moderately differentiated,50.93333333,0:LIVING,0.0,I,Early,Exon19del,Exon19del,1,0,0,0,0,0,0,0
A028,75,Male,I,No,,Yes,No,Chinese,Moderately differentiated,56.7,0:LIVING,0.0,I,Early,L858R,L858R,1,1,0,0,0,0,0,0
A033,44,Female,II,No,,No,Yes,Chinese,Poorly differentiated,50.9,0:LIVING,0.0,II,Early,Wildtype,,0,0,0,0,0,0,0,0
A037,66,Female,II,No,,No,No,Chinese,Moderately differentiated,50.33333333,0:LIVING,0.0,II,Early,L858R,L858R,1,1,0,0,0,0,0,0
A062,74,Male,IV,No,,Yes,Yes,Chinese,Moderately to Poorly differentiated,53.46666667,0:LIVING,0.0,IV,Late,L858R,L858R,1,1,0,0,0,0,0,0
A063,70,Female,I,No,,No,No,Chinese,Moderately differentiated,51.13333333,0:LIVING,0.0,I,Early,Wildtype,,0,0,0,0,0,0,0,0
A066,72,Female,I,No,,No,No,Chinese,Moderately differentiated,51.33333333,0:LIVING,0.0,I,Early,L858R,L858R,1,0,0,0,0,0,0,0
A068,79,Female,I,No,,No,No,Chinese,Poorly differentiated,51.0,0:LIVING,0.0,I,Early,Exon19del,Exon19del,1,1,0,0,0,0,0,0
A071,76,Female,I,No,,No,No,Chinese,,52.36666667,0:LIVING,0.0,I,Early,Exon19del,Exon19del,1,0,0,0,0,0,0,0
A072,60,Female,I,No,,No,No,Chinese,Moderately differentiated,49.93333333,0:LIVING,0.0,I,Early,L858R,L858R,1,0,0,0,0,0,0,0
A073,51,Male,I,No,,No,No,Chinese,Moderately differentiated,50.2,0:LIVING,0.0,I,Early,Wildtype,,0,0,0,0,0,0,0,0
A074,78,Female,IV,No,,Yes,No,Chinese,Poorly differentiated,20.06666667,1:DECEASED,1.0,IV,Late,L858R,L858R,1,0,0,0,0,0,0,0
A100,73,Female,I,No,,No,No,Chinese,Well differentiated,47.23333333,0:LIVING,0.0,I,Early,Rare,Exon20ins,1,0,0,0,0,0,0,0
A101,58,Female,I,No,,No,No,Chinese,Moderately differentiated,51.26666667,0:LIVING,0.0,I,Early,Exon19del,Exon19del,1,1,0,0,0,0,0,0
A102,73,Male,I,No,,No,No,Chinese,Moderately differentiated,51.3,0:LIVING,0.0,I,Early,L858R,L858R,1,0,0,0,0,0,0,0
A103,63,Female,I,Yes,1.0,No,No,Chinese,Moderately differentiated,50.3,0:LIVING,0.0,I,Early,L858R,L858R,1,1,0,0,0,0,0,0
A104,70,Male,I,No,,No,No,Chinese,Moderately differentiated,46.3,0:LIVING,0.0,I,Early,Exon19del,Exon19del,1,0,0,0,0,0,0,0
A109,79,Male,I,Yes,48.0,No,No,Chinese,Moderately to Poorly differentiated,33.7,1:DECEASED,1.0,I,Early,Wildtype,,0,1,0,0,0,1,0,0
A110,72,Male,II,Yes,24.0,No,No,Chinese,Moderately differentiated,17.2,1:DECEASED,1.0,II,Early,Wildtype,,0,1,0,1,0,0,0,0
A111,62,Female,I,No,,No,No,Chinese,Moderately differentiated,48.76666667,0:LIVING,0.0,I,Early,Exon19del,Exon19del,1,0,0,0,0,0,0,0
A112,61,Female,I,No,,No,No,Chinese,Moderately differentiated,49.06666667,0:LIVING,0.0,I,Early,Other,Other,1,0,0,0,0,0,0,0
A114,61,Female,II,No,,Yes,Yes,Chinese,Moderately differentiated,46.56666667,0:LIVING,0.0,II,Early,L858R,L858R,1,1,0,0,0,0,0,0
A117,64,Female,I,No,,Yes,No,Chinese,Moderately differentiated,49.96666667,0:LIVING,0.0,I,Early,L858R,L858R,1,0,0,0,0,0,0,0
A120,82,Male,I,No,,No,No,Chinese,,46.63333333,0:LIVING,0.0,I,Early,Wildtype,,0,1,0,0,0,0,0,0
A122,63,Male,II,No,,No,Yes,Chinese,Moderately differentiated,46.86666667,0:LIVING,0.0,II,Early,Rare,L861Q,1,1,0,0,0,0,0,0
A124,68,Male,I,Yes,51.0,No,No,Chinese,Moderately differentiated,46.46666667,0:LIVING,0.0,I,Early,Wildtype,,0,0,0,0,0,0,0,0
A126,68,Male,II,Yes,41.25,No,Yes,Chinese,Moderately differentiated,27.6,1:DECEASED,1.0,II,Early,Wildtype,,0,0,0,0,0,0,1,0
A130,66,Female,I,No,,No,No,Chinese,Moderately differentiated,47.36666667,0:LIVING,0.0,I,Early,Other,Other,1,0,0,0,0,0,0,0
A131,69,Male,III,Yes,89.25,No,No,Chinese,,35.8,1:DECEASED,1.0,III,Late,Wildtype,,0,1,0,0,0,0,0,0
A134,52,Female,I,No,,No,No,Chinese,Moderately differentiated,44.6,0:LIVING,0.0,I,Early,Exon19del,Exon19del,1,1,0,0,0,0,0,0
A136,72,Female,I,No,,No,No,Chinese,,41.96666667,0:LIVING,0.0,I,Early,L858R,L858R,1,0,0,0,0,0,0,0
A138,53,Female,III,No,,Yes,Yes,Chinese,Moderately differentiated,54.0,1:DECEASED,1.0,III,Late,Wildtype,,0,0,0,0,0,0,0,0
A139,76,Female,I,No,,No,No,Chinese,Moderately differentiated,5.066666667,1:DECEASED,1.0,I,Early,L858R,L858R,1,0,0,0,0,0,0,0
A143,68,Male,IV,Yes,40.0,No,No,Chinese,Poorly differentiated,5.533333333,1:DECEASED,1.0,IV,Late,Wildtype,,0,0,0,1,1,0,0,0
A144,74,Male,II,No,,No,Yes,Chinese,Poorly differentiated,25.76666667,1:DECEASED,1.0,II,Early,Wildtype,,0,0,0,0,0,0,0,0
A146,73,Male,II,No,,No,No,Chinese,Moderately differentiated,35.06666667,1:DECEASED,1.0,II,Early,L858R,L858R,1,1,0,0,0,0,0,0
A147,57,Male,III,Yes,21.0,Yes,Yes,Chinese,Moderately differentiated,43.0,0:LIVING,0.0,III,Late,Exon19del,Exon19del,1,0,0,0,0,0,0,0
A148,57,Male,III,Yes,129.0,Yes,Yes,Chinese,Moderately differentiated,40.36666667,0:LIVING,0.0,III,Late,L858R,L858R,1,1,0,0,0,0,0,0
A149,76,Male,I,No,,No,No,Chinese,Well differentiated,39.46666667,0:LIVING,0.0,I,Early,L858R,L858R,1,0,0,0,0,0,0,0
A150,48,Male,I,Yes,0.5,No,No,Chinese,Moderately differentiated,34.73333333,0:LIVING,0.0,I,Early,Exon19del,Exon19del,1,1,0,0,0,0,0,0
A152,59,Female,IV,No,,Yes,Yes,Chinese,Poorly differentiated,80.5,0:LIVING,0.0,IV,Late,Rare,T790M,1,0,0,0,0,0,0,0
A153,78,Male,I,No,,No,No,Chinese,Moderately differentiated,39.03333333,0:LIVING,0.0,I,Early,L858R,L858R,1,0,0,0,0,0,0,0
A155,66,Male,II,Yes,2.0,No,Yes,Chinese,Moderately differentiated,37.66666667,0:LIVING,0.0,II,Early,Wildtype,,0,1,1,0,0,0,0,0
A156,61,Female,I,No,,No,No,Chinese,Moderately differentiated,37.7,0:LIVING,0.0,I,Early,Other,Other,1,1,0,0,0,0,0,0
A157,74,Male,I,Yes,55.0,No,No,Chinese,Moderately to Poorly differentiated,34.93333333,0:LIVING,0.0,I,Early,L858R,L858R,1,1,0,0,0,0,0,0
A158,63,Male,II,Yes,40.0,No,Yes,Chinese,Moderately differentiated,38.93333333,0:LIVING,0.0,II,Early,Wildtype,,0,0,1,1,1,0,0,0
A159,49,Male,I,Yes,30.0,No,No,Chinese,Moderately differentiated,37.3,0:LIVING,0.0,I,Early,Wildtype,,0,0,0,0,0,0,0,0
A162,67,Male,III,No,,Yes,Yes,Chinese,Moderately differentiated,31.43333333,0:LIVING,0.0,III,Late,Exon19del,Exon19del,1,1,0,0,0,0,0,0
A163,57,Female,III,No,,No,No,Chinese,Moderately differentiated,9.433333333,0:LIVING,0.0,III,Late,Other,Other,1,1,0,0,0,0,0,0
A165,44,Female,I,No,,No,No,Chinese,Moderately differentiated,36.4,0:LIVING,0.0,I,Early,L858R,L858R,1,0,0,0,0,0,0,0
A167,74,Male,I,Yes,55.0,No,No,Chinese,Moderately differentiated,35.36666667,0:LIVING,0.0,I,Early,Wildtype,,0,0,0,0,0,0,0,0
A168,64,Male,III,No,,Yes,Yes,Chinese,Moderately differentiated,21.73333333,0:LIVING,0.0,III,Late,Exon19del,Exon19del,1,0,0,0,0,0,0,0
A169,76,Female,,Yes,15.3,Yes,No,Chinese,Moderately differentiated,34.66666667,0:LIVING,0.0,,Unknown,Rare,L861Q,1,1,0,0,0,0,0,1
A177,77,Male,I,Yes,99.0,No,No,Chinese,Poorly differentiated,34.5,0:LIVING,0.0,I,Early,Wildtype,,0,0,0,0,0,0,0,0
A182,72,Female,I,No,,Yes,No,Chinese,Poorly differentiated,34.2,0:LIVING,0.0,I,Early,L858R,L858R,1,0,0,0,0,0,0,0
A183,75,Male,II,Yes,60.0,No,No,Chinese,Moderately differentiated,70.63333333,1:DECEASED,1.0,II,Early,Wildtype,,0,1,0,0,1,0,0,0
A184,67,Female,III,No,30.0,Yes,Yes,Chinese,Poorly differentiated,9.133333333,1:DECEASED,1.0,III,Late,Wildtype,,0,0,0,0,0,0,0,0
A185,59,Female,III,No,,No,Yes,Chinese,,1.8,1:DECEASED,1.0,III,Late,Exon19del,Exon19del,1,1,0,0,0,0,0,0
A186,80,Female,I,No,,No,No,Chinese,Moderately differentiated,47.46666667,1:DECEASED,1.0,I,Early,L858R,L858R,1,0,0,0,0,0,0,0
A187,38,Female,III,Yes,4.2,No,No,Chinese,Moderately differentiated,12.5,1:DECEASED,1.0,III,Late,Other,Other,1,1,0,0,0,0,0,0
A188,57,Female,I,No,,No,No,Chinese,Moderately differentiated,5.166666667,1:DECEASED,1.0,I,Early,Wildtype,,0,0,0,0,0,0,0,0
A190,65,Female,II,No,,Yes,Yes,Chinese,Moderately differentiated,35.33333333,1:DECEASED,1.0,II,Early,Wildtype,,0,0,1,0,0,0,0,0
A191,62,Male,I,No,,No,No,Chinese,Moderately differentiated,36.06666667,1:DECEASED,1.0,I,Early,Wildtype,,0,0,0,0,0,0,1,0
A192,84,Female,III,No,,No,No,Chinese,Moderately differentiated,38.76666667,1:DECEASED,1.0,III,Late,L858R,L858R,1,1,0,0,0,0,0,0
A193,54,Male,I,Yes,42.0,No,Yes,Chinese,Poorly differentiated,21.8,1:DECEASED,1.0,I,Early,Wildtype,,0,1,0,1,1,0,0,0
A194,54,Female,IV,No,,No,Yes,Chinese,Well differentiated,34.4,1:DECEASED,1.0,IV,Late,Wildtype,,0,0,0,0,0,0,0,0
A195,62,Male,II,Yes,42.0,No,No,Chinese,,23.0,1:DECEASED,1.0,II,Early,Wildtype,,0,0,0,0,0,0,0,0
A196,82,Male,II,Yes,33.0,No,No,Chinese,Well to Moderately differentiated,9.966666667,1:DECEASED,1.0,II,Early,Wildtype,,0,0,0,0,1,0,0,0
A197,52,Male,I,Yes,43.0,No,No,Chinese,Moderately differentiated,31.66666667,1:DECEASED,1.0,I,Early,Rare,G719X,1,1,0,0,0,0,0,0
A198,67,Male,III,Yes,22.0,No,Yes,Chinese,,14.86666667,1:DECEASED,1.0,III,Late,Wildtype,,0,0,1,1,0,0,0,0
A199,69,Male,I,Yes,49.5,No,No,Chinese,Moderately differentiated,30.33333333,1:DECEASED,1.0,I,Early,Wildtype,,0,1,0,0,0,1,0,0
A200,49,Male,III,Yes,49.5,No,Yes,Chinese,Moderately differentiated,100.5666667,0:LIVING,0.0,III,Late,Wildtype,,0,1,0,0,0,0,0,0
A201,67,Female,II,Yes,0.03,No,No,Chinese,Moderately differentiated,122.9,0:LIVING,0.0,II,Early,Wildtype,,0,0,0,1,0,0,0,0
A202,73,Female,I,No,,No,Yes,Chinese,Well differentiated,122.7,0:LIVING,0.0,I,Early,Exon19del,Exon19del,1,0,0,0,0,0,0,0
A203,55,Male,II,No,,Yes,Yes,Chinese,Well differentiated,121.96666670000002,0:LIVING,0.0,II,Early,L858R,L858R,1,0,0,0,0,0,0,0
A204,70,Female,III,No,,No,No,Chinese,Moderately differentiated,116.4333333,0:LIVING,0.0,III,Late,Exon19del,Exon19del,1,0,0,0,0,0,0,0
A205,79,Female,I,No,,No,No,Chinese,Moderately differentiated,91.03333333,1:DECEASED,1.0,I,Early,Wildtype,,0,0,0,0,0,0,1,0
A206,78,Male,I,No,,No,No,Chinese,Moderately differentiated,112.1,0:LIVING,0.0,I,Early,Wildtype,,0,0,0,0,0,0,0,0
A207,59,Female,I,No,,Yes,No,Chinese,Well differentiated,111.3666667,0:LIVING,0.0,I,Early,Exon19del,Exon19del,1,0,0,0,0,0,0,0
A208,77,Male,I,Yes,0.5,No,No,Chinese,Moderately differentiated,110.5666667,0:LIVING,0.0,I,Early,Wildtype,,0,0,0,0,0,0,0,0
A209,62,Male,I,No,,No,Yes,Chinese,Well differentiated,57.73333333,0:LIVING,0.0,I,Early,Wildtype,,0,0,0,0,0,0,0,0
A210,50,Male,I,Yes,35.0,No,No,Chinese,Poorly differentiated,105.3,0:LIVING,0.0,I,Early,Wildtype,,0,1,1,0,0,0,0,0
A211,50,Female,I,Yes,38.0,Yes,No,Chinese,Moderately differentiated,108.0,0:LIVING,0.0,I,Early,Wildtype,,0,0,0,0,0,0,0,0
A212,68,Female,I,No,,No,No,Chinese,Moderately differentiated,108.46666670000002,0:LIVING,0.0,I,Early,Wildtype,,0,0,0,0,0,0,0,0
A213,76,Male,I,Yes,37.0,Yes,Yes,Chinese,Well differentiated,102.2,0:LIVING,0.0,I,Early,Exon19del,Exon19del,1,0,0,0,0,0,0,0
A214,58,Male,I,Yes,43.2,No,No,Chinese,Poorly differentiated,101.9,0:LIVING,0.0,I,Early,Wildtype,,0,0,0,0,0,0,0,0
A215,54,Female,I,No,,Yes,No,Chinese,Well differentiated,103.5333333,0:LIVING,0.0,I,Early,Wildtype,,0,0,0,0,0,0,0,0
A216,61,Male,III,Yes,53.75,No,Yes,Chinese,Moderately differentiated,104.9333333,0:LIVING,0.0,III,Late,Wildtype,,0,1,0,0,0,0,0,0
A217,71,Male,III,No,,Yes,Yes,Chinese,Well differentiated,104.2666667,0:LIVING,0.0,III,Late,Exon19del,Exon19del,1,0,0,0,0,1,0,0
A218,67,Male,III,Yes,27.0,No,No,Chinese,Poorly differentiated,75.73333333,0:LIVING,0.0,III,Late,Wildtype,,0,0,0,0,0,0,0,0
A219,52,Female,II,No,,No,No,Chinese,Moderately differentiated,97.03333333,0:LIVING,0.0,II,Early,L858R,L858R,1,0,0,0,0,0,0,0
A220,60,Female,I,Yes,0.35,No,No,Chinese,Moderately differentiated,98.56666667,0:LIVING,0.0,I,Early,L858R,L858R,1,1,0,0,0,0,0,0
A221,72,Female,I,No,,No,Yes,Chinese,Moderately differentiated,95.16666667,0:LIVING,0.0,I,Early,Wildtype,,0,0,0,0,0,0,0,0
A222,61,Female,I,No,,No,No,Chinese,Moderately differentiated,94.76666667,0:LIVING,0.0,I,Early,L858R,L858R,1,0,0,0,0,0,0,0
A224,68,Male,III,No,,Yes,Yes,Chinese,,26.6,1:DECEASED,1.0,III,Late,Wildtype,,0,0,0,0,0,0,0,0
A227,75,Male,III,Yes,29.5,No,Yes,Chinese,,6.3666666670000005,1:DECEASED,1.0,III,Late,Wildtype,,0,0,1,0,0,0,0,0
A228,66,Male,IV,Yes,46.0,No,No,Chinese,,1.6333333330000002,1:DECEASED,1.0,IV,Late,Wildtype,,0,1,1,0,0,0,1,0
A229,75,Male,IV,Yes,55.0,No,No,Chinese,,0.833333333,1:DECEASED,1.0,IV,Late,Wildtype,,0,1,0,0,0,0,0,0
A230,68,Male,IV,Yes,12.0,No,No,Chinese,Moderately differentiated,0.7,1:DECEASED,1.0,IV,Late,Wildtype,,0,1,0,0,1,1,0,0
A231,71,Male,II,Yes,102.0,No,No,Chinese,,47.96666667,1:DECEASED,1.0,II,Early,Wildtype,,0,1,1,1,0,0,0,0
A232,76,Male,III,Yes,16.2,No,No,Chinese,Moderately differentiated,30.8,1:DECEASED,1.0,III,Late,Wildtype,,0,0,0,0,0,0,0,1
A233,81,Male,I,No,,No,Yes,Chinese,Well to Moderately differentiated,32.9,0:LIVING,0.0,I,Early,Wildtype,,0,1,0,0,0,0,0,0
A234,77,Male,I,Yes,6.75,No,Yes,Chinese,Moderately differentiated,36.26666667,0:LIVING,0.0,I,Early,Wildtype,,0,0,0,0,0,0,0,0
A239,53,Male,I,No,,Yes,Yes,Chinese,Moderately differentiated,6.333333333,0:LIVING,0.0,I,Early,L858R,L858R,1,1,0,0,0,0,0,0
A240,50,Male,I,Yes,40.0,No,No,Chinese,Poorly differentiated,31.5,0:LIVING,0.0,I,Early,Wildtype,,0,1,0,0,0,0,0,0
A241,70,Female,I,No,,No,No,Chinese,Moderately to Poorly differentiated,34.16666667,0:LIVING,0.0,I,Early,Wildtype,,0,1,0,0,0,0,0,0
A243,62,Female,III,No,,Yes,Yes,Chinese,Poorly differentiated,33.8,0:LIVING,0.0,III,Late,L858R,L858R,1,0,0,0,0,0,0,0
A247,69,Male,I,Yes,49.0,No,No,Chinese,Poorly differentiated,26.16666667,0:LIVING,0.0,I,Early,Wildtype,,0,1,1,0,0,0,0,0
A249,53,Female,II,No,,Yes,Yes,Chinese,,31.5,0:LIVING,0.0,II,Early,Exon19del,Exon19del,1,0,0,0,0,0,0,0
A250,55,Male,I,Yes,37.0,No,Yes,Chinese,Moderately differentiated,33.4,0:LIVING,0.0,I,Early,Wildtype,,0,1,1,0,0,0,0,0
A252,65,Female,I,No,,No,No,Chinese,Moderately differentiated,33.16666667,0:LIVING,0.0,I,Early,Wildtype,,0,0,0,0,0,0,0,0
A255,63,Male,I,No,,No,No,Chinese,Moderately differentiated,25.3,1:DECEASED,1.0,I,Early,L858R,L858R,1,0,0,0,0,0,0,0
A258,65,Male,II,Yes,234.0,No,No,Chinese,Moderately differentiated,24.53333333,1:DECEASED,1.0,II,Early,Wildtype,,0,0,0,0,0,0,0,0
A259,37,Female,III,No,,No,No,Chinese,Moderately differentiated,87.46666667,0:LIVING,0.0,III,Late,Wildtype,,0,0,0,0,0,0,0,0
A260,61,Female,I,No,,No,No,Chinese,,42.0,1:DECEASED,1.0,I,Early,Wildtype,,0,1,1,0,0,0,0,0
A261,45,Male,I,Yes,18.75,No,No,Chinese,,46.26666667,1:DECEASED,1.0,I,Early,Wildtype,,0,0,0,0,0,0,0,0
A262,64,Female,II,No,,No,Yes,Chinese,Moderately differentiated,61.5,0:LIVING,0.0,II,Early,Wildtype,,0,0,1,0,0,0,0,1
A263,64,Male,I,Yes,9.0,No,No,Chinese,Moderately differentiated,89.8,0:LIVING,0.0,I,Early,Wildtype,,0,0,0,0,0,0,1,0
A264,58,Male,II,Yes,28.5,No,Yes,Chinese,Poorly differentiated,68.93333333,0:LIVING,0.0,II,Early,Wildtype,,0,0,0,0,0,0,0,0
A265,65,Female,I,Yes,47.0,No,No,Chinese,,1.5,0:LIVING,0.0,I,Early,L858R,L858R,1,1,0,0,0,0,0,0
A266,63,Female,II,No,,No,Yes,Chinese,Poorly differentiated,36.9,0:LIVING,0.0,II,Early,Wildtype,,0,0,0,0,0,0,0,0
A267,72,Female,I,Yes,40.0,No,No,Chinese,,70.03333333,0:LIVING,0.0,I,Early,Wildtype,,0,0,1,0,0,0,0,0
A268,70,Female,I,No,,No,No,Chinese,Well to Moderately differentiated,65.86666667,0:LIVING,0.0,I,Early,Wildtype,,0,0,0,0,0,0,0,0
A269,66,Female,I,No,,No,No,Chinese,Moderately differentiated,64.1,0:LIVING,0.0,I,Early,L858R,L858R,1,0,0,0,0,0,0,0
A270,62,Female,I,No,,No,No,Chinese,Moderately differentiated,61.46666667,0:LIVING,0.0,I,Early,Wildtype,,0,0,0,0,0,0,0,0
A271,70,Male,I,Yes,36.0,No,No,Chinese,Moderately differentiated,58.53333333,0:LIVING,0.0,I,Early,Wildtype,,0,1,0,0,0,0,0,0
A272,43,Female,I,No,,No,No,Chinese,Moderately differentiated,53.63333333,0:LIVING,0.0,I,Early,Wildtype,,0,0,0,0,0,0,0,0
A273,64,Female,I,No,,No,No,Chinese,Moderately differentiated,86.13333333,0:LIVING,0.0,I,Early,L858R,L858R,1,0,0,0,0,0,0,0
A274,44,Female,I,No,,Yes,Yes,Chinese,Well differentiated,86.26666667,0:LIVING,0.0,I,Early,Wildtype,,0,1,0,0,0,0,0,0
A275,55,Female,II,No,,No,Yes,Chinese,Moderately differentiated,84.43333333,0:LIVING,0.0,II,Early,Wildtype,,0,1,0,0,0,0,0,0
A276,71,Male,III,No,,Yes,Yes,Chinese,Moderately differentiated,80.0,1:DECEASED,1.0,III,Late,Other,Other,1,1,0,0,0,0,0,0
A277,70,Female,II,No,,No,No,Chinese,,83.76666667,0:LIVING,0.0,II,Early,Exon19del,Exon19del,1,1,0,0,0,0,0,0
A278,73,Female,I,No,,No,No,Chinese,,82.83333333,0:LIVING,0.0,I,Early,Exon19del,Exon19del,1,0,0,0,0,0,0,0
A279,59,Male,I,Yes,3.0,No,No,Chinese,,78.83333333,0:LIVING,0.0,I,Early,L858R,L858R,1,1,0,0,0,0,0,0
A280,49,Male,I,Yes,20.25,No,No,Chinese,,74.86666667,0:LIVING,0.0,I,Early,Wildtype,,0,0,0,0,0,0,0,0
A281,66,Male,I,No,,No,No,Chinese,,69.1,0:LIVING,0.0,I,Early,L858R,L858R,1,0,0,0,0,0,0,0
A282,72,Female,II,No,,No,No,Chinese,Moderately differentiated,69.2,0:LIVING,0.0,II,Early,Exon19del,Exon19del,1,0,0,0,0,0,0,1
A283,67,Female,I,No,,No,No,Chinese,Moderately differentiated,67.26666667,0:LIVING,0.0,I,Early,Rare,G719X,1,0,0,0,0,0,0,0
A284,58,Female,II,No,,Yes,No,Chinese,Moderately differentiated,68.8,0:LIVING,0.0,II,Early,Exon19del,Exon19del,1,1,0,0,0,0,0,0
A285,64,Female,I,No,,Yes,No,Chinese,,66.8,0:LIVING,0.0,I,Early,Wildtype,,0,0,0,0,0,0,0,0
A295,74,Female,I,No,,No,No,Chinese,Moderately differentiated,52.96666667,0:LIVING,0.0,I,Early,Other,Other,1,0,0,0,0,0,0,0
A302,68,Female,I,No,,No,No,Chinese,Moderately differentiated,29.8,0:LIVING,0.0,I,Early,L858R,L858R,1,0,0,0,0,0,0,0
A306,55,Male,I,Yes,38.0,No,No,Chinese,Moderately differentiated,30.83333333,0:LIVING,0.0,I,Early,Wildtype,,0,1,1,0,0,0,0,0
A307,56,Male,III,No,,No,Yes,Chinese,Moderately differentiated,26.16666667,1:DECEASED,1.0,III,Late,Other,Other,1,1,0,0,0,0,0,0
A310,67,Male,I,No,,No,No,Chinese,Well differentiated,28.36666667,0:LIVING,0.0,I,Early,L858R,L858R,1,0,0,0,0,0,0,0
A315,64,Female,III,No,,Yes,Yes,Chinese,Well to Moderately differentiated,30.0,0:LIVING,0.0,III,Late,Exon19del,Exon19del,1,0,0,0,0,0,0,0
A316,77,Female,I,No,,No,No,Chinese,Moderately differentiated,30.73333333,0:LIVING,0.0,I,Early,L858R,L858R,1,0,0,0,0,0,0,0
A320,75,Female,I,Yes,2.25,No,No,Chinese,Moderately differentiated,28.03333333,0:LIVING,0.0,I,Early,Rare,T790M,1,0,0,0,0,0,0,0
A322,70,Female,I,No,,No,No,Chinese,Moderately differentiated,23.13333333,1:DECEASED,1.0,I,Early,Wildtype,,0,0,0,0,0,0,0,0
A323,63,Male,II,No,,No,Yes,Chinese,Moderately differentiated,29.13333333,0:LIVING,0.0,II,Early,Exon19del,Exon19del,1,1,0,0,0,0,0,0
A344,60,Male,IV,Yes,64.0,No,Yes,Chinese,,5.233333333,1:DECEASED,1.0,IV,Late,Wildtype,,0,0,0,0,0,0,0,0
A349,74,Male,IV,Yes,32.0,No,Yes,Chinese,,17.2,1:DECEASED,1.0,IV,Late,Rare,G719X,1,1,0,0,0,0,0,0
A364,79,Female,IV,No,,No,No,Chinese,Moderately differentiated,27.76666667,1:DECEASED,1.0,IV,Late,Exon19del,Exon19del,1,1,0,0,0,0,0,1
A368,60,Female,IV,No,,No,Yes,Chinese,,29.6,1:DECEASED,1.0,IV,Late,Wildtype,,0,1,0,0,0,0,0,0
A375,60,Female,I,No,,No,No,Chinese,Moderately differentiated,28.63333333,0:LIVING,0.0,I,Early,L858R,L858R,1,0,0,0,0,1,0,0
A377,71,Female,I,No,,No,No,Chinese,Moderately differentiated,26.4,0:LIVING,0.0,I,Early,Wildtype,,0,0,0,0,0,0,0,0
A379,62,Male,III,Yes,34.0,Yes,Yes,Chinese,Moderately differentiated,28.23333333,0:LIVING,0.0,III,Late,Wildtype,,0,0,0,0,0,0,0,0
A380,61,Female,I,No,,Yes,No,Chinese,Moderately differentiated,33.03333333,0:LIVING,0.0,I,Early,Exon19del,Exon19del,1,0,0,0,0,0,0,0
A381,66,Male,I,Yes,15.75,No,Yes,Chinese,Moderately differentiated,27.43333333,0:LIVING,0.0,I,Early,Rare,S768I,1,0,0,0,0,0,0,0
A425,56,Female,,Yes,5.4,Yes,No,Chinese,Moderately differentiated,28.73333333,0:LIVING,0.0,,Unknown,L858R,L858R,1,0,0,0,0,0,0,0
A426,65,Female,I,No,,No,No,Chinese,Moderately differentiated,26.96666667,0:LIVING,0.0,I,Early,Other,Other,1,0,0,0,0,0,0,0
A428,66,Male,II,No,,No,Yes,Chinese,Moderately differentiated,21.86666667,0:LIVING,0.0,II,Early,Exon19del,Exon19del,1,0,0,0,0,0,0,0
A430,70,Female,III,No,,No,Yes,Chinese,Moderately differentiated,13.13333333,1:DECEASED,1.0,III,Late,Exon19del,Exon19del,1,0,0,0,0,0,0,0
A432,64,Female,I,No,,Yes,No,Chinese,Moderately differentiated,27.9,0:LIVING,0.0,I,Early,Exon19del,Exon19del,1,1,0,0,0,0,0,0
A433,64,Female,II,Yes,4.41,No,Yes,Chinese,Poorly differentiated,27.76666667,0:LIVING,0.0,II,Early,Wildtype,,0,1,0,0,0,0,0,1
A434,67,Female,II,No,,No,No,Chinese,Moderately differentiated,26.83333333,0:LIVING,0.0,II,Early,Exon19del,Exon19del,1,0,0,0,0,0,0,0
A435,68,Female,II,No,,Yes,No,Chinese,Moderately differentiated,26.53333333,0:LIVING,0.0,II,Early,Exon19del,Exon19del,1,0,0,0,0,0,0,0
A483,58,Female,III,No,,Yes,Yes,Chinese,Well differentiated,129.2666667,0:LIVING,0.0,III,Late,Exon19del,Exon19del,1,0,0,0,0,0,0,0
A484,57,Female,III,No,,Yes,Yes,Chinese,Moderately differentiated,118.9,0:LIVING,0.0,III,Late,Wildtype,,0,0,0,0,0,0,0,0
A485,72,Female,I,No,,No,No,Chinese,Well differentiated,118.1333333,0:LIVING,0.0,I,Early,Exon19del,Exon19del,1,0,0,0,0,0,0,0
A486,45,Female,I,No,,Yes,Yes,Chinese,Well differentiated,85.26666667,1:DECEASED,1.0,I,Early,Exon19del,Exon19del,1,1,0,0,0,0,0,0
A488,60,Female,III,No,,Yes,Yes,Chinese,Moderately differentiated,50.9,1:DECEASED,1.0,III,Late,L858R,L858R,1,1,0,0,0,0,0,0
A489,72,Male,III,Yes,0.2,No,No,Chinese,Moderately differentiated,16.16666667,1:DECEASED,1.0,III,Late,Wildtype,,0,0,0,0,0,0,0,0
A490,59,Male,II,No,,Yes,Yes,Chinese,Moderately differentiated,99.36666667,0:LIVING,0.0,II,Early,Exon19del,Exon19del,1,0,0,0,0,0,0,0
A492,47,Male,I,Yes,2.4,Yes,Yes,Chinese,Moderately differentiated,55.66666667,1:DECEASED,1.0,I,Early,Exon19del,Exon19del,1,1,0,0,0,0,0,0
A493,58,Female,I,No,,Yes,Yes,Chinese,Moderately differentiated,48.36666667,1:DECEASED,1.0,I,Early,L858R,L858R,1,0,0,0,0,0,0,0
A494,67,Female,I,No,,No,No,Chinese,Well differentiated,88.86666667,0:LIVING,0.0,I,Early,Exon19del,Exon19del,1,0,0,0,0,0,0,0
A495,53,Male,III,No,,Yes,Yes,Chinese,Moderately differentiated,92.46666667,0:LIVING,0.0,III,Late,Wildtype,,0,1,0,0,0,0,0,0
A496,53,Female,III,No,,No,Yes,Chinese,Moderately differentiated,92.9,0:LIVING,0.0,III,Late,L858R,L858R,1,0,0,0,0,0,0,0
A497,45,Female,III,No,,Yes,Yes,Chinese,Moderately differentiated,43.43333333,1:DECEASED,1.0,III,Late,Exon19del,Exon19del,1,1,0,0,0,0,0,0
A499,70,Male,I,Yes,29.0,No,No,Chinese,Moderately differentiated,84.2,0:LIVING,0.0,I,Early,L858R,L858R,1,1,0,0,0,0,0,0
A500,70,Female,I,No,,No,No,Chinese,Moderately differentiated,114.9,1:DECEASED,1.0,I,Early,Wildtype,,0,0,0,0,0,0,0,0
A501,68,Female,I,No,,No,No,Chinese,Poorly differentiated,15.23333333,1:DECEASED,1.0,I,Early,Wildtype,,0,0,0,0,0,0,0,0
A502,54,Female,I,No,,Yes,No,Chinese,,74.23333333,0:LIVING,0.0,I,Early,L858R,L858R,1,1,0,0,0,0,0,0
A503,60,Female,I,No,,Yes,Yes,Chinese,Moderately to Poorly differentiated,34.83333333,1:DECEASED,1.0,I,Early,Exon19del,Exon19del,1,0,0,0,0,0,0,0
A504,72,Female,I,No,,No,No,Chinese,Well differentiated,29.53333333,0:LIVING,0.0,I,Early,Exon19del,Exon19del,1,0,0,0,0,0,0,0
A505,41,Female,II,No,,Yes,Yes,Chinese,Moderately differentiated,35.16666667,1:DECEASED,1.0,II,Early,Exon19del,Exon19del,1,0,0,0,0,0,0,0
A507,72,Female,I,No,,No,No,Chinese,Well to Moderately differentiated,40.5,1:DECEASED,1.0,I,Early,Wildtype,,0,0,0,0,0,0,0,0
A508,71,Male,III,Yes,110.0,No,Yes,Chinese,Poorly differentiated,22.96666667,1:DECEASED,1.0,III,Late,Wildtype,,0,0,0,0,1,0,0,0
A509,75,Male,II,Yes,17.5,No,No,Chinese,Moderately differentiated,59.46666667,0:LIVING,0.0,II,Early,Wildtype,,0,1,1,0,0,0,0,0
A510,73,Male,III,No,,No,No,Chinese,Moderately differentiated,23.5,0:LIVING,0.0,III,Late,Exon19del,Exon19del,1,0,0,0,0,0,0,0
A511,63,Male,II,No,,Yes,No,Chinese,Poorly differentiated,29.66666667,0:LIVING,0.0,II,Early,L858R,L858R,1,1,0,0,0,0,0,0
A512,55,Male,I,No,,No,No,Chinese,Moderately differentiated,21.66666667,0:LIVING,0.0,I,Early,Exon19del,Exon19del,1,0,0,0,0,0,0,0
A513,65,Male,IV,Yes,21.0,No,Yes,Chinese,,7.6,1:DECEASED,1.0,IV,Late,Wildtype,,0,0,0,0,0,0,1,0
A514,56,Female,I,No,,Yes,No,Chinese,Moderately differentiated,25.06666667,0:LIVING,0.0,I,Early,L858R,L858R,1,0,0,0,0,0,0,0
A517,68,Female,III,No,,No,No,Chinese,Moderately differentiated,24.76666667,0:LIVING,0.0,III,Late,L858R,L858R,1,0,0,0,0,0,0,0
A519,69,Female,III,Yes,3.0,Yes,No,Chinese,Moderately differentiated,24.06666667,0:LIVING,0.0,III,Late,Exon19del,Exon19del,1,1,0,0,0,0,0,0
A521,55,Female,I,No,,Yes,No,Chinese,Moderately differentiated,22.43333333,0:LIVING,0.0,I,Early,L858R,L858R,1,0,0,0,0,0,0,0
A522,63,Male,I,Yes,34.0,No,No,Chinese,,21.3,0:LIVING,0.0,I,Early,Wildtype,,0,0,0,0,0,0,0,0
A524,73,Male,I,Yes,0.6,Yes,Yes,Chinese,Moderately differentiated,5.633333333,1:DECEASED,1.0,I,Early,Exon19del,Exon19del,1,0,0,0,0,0,0,0
A530,72,Female,I,Yes,36.0,No,No,Chinese,,20.3,0:LIVING,0.0,I,Early,Wildtype,,0,0,1,0,0,0,0,0
A532,62,Male,I,Yes,61.5,No,No,Chinese,Moderately differentiated,17.8,0:LIVING,0.0,I,Early,Wildtype,,0,1,0,1,0,1,0,0
A534,77,Female,I,No,,No,No,Chinese,Moderately differentiated,21.2,0:LIVING,0.0,I,Early,Wildtype,,0,0,0,0,0,0,1,0
A537,79,Male,III,Yes,54.0,No,Yes,Chinese,Poorly differentiated,18.1,1:DECEASED,1.0,III,Late,Wildtype,,0,0,0,0,0,0,0,0
A538,59,Female,I,No,,No,No,Chinese,Moderately differentiated,22.3,0:LIVING,0.0,I,Early,Exon19del,Exon19del,1,1,0,0,0,0,0,0
BGI-EX01,59,Male,III,Yes,,,No,Chinese,,20.0,0:LIVING,0.0,III,Late,Wildtype,,0,0,0,0,0,0,0,0
BGI-EX02,45,Male,III,No,,,No,Chinese,,13.0,0:LIVING,0.0,III,Late,L858R,L858R,1,0,0,0,0,0,0,0
BGI-EX03,60,Male,III,Yes,,,No,Chinese,,12.0,0:LIVING,0.0,III,Late,Wildtype,,0,1,0,0,0,0,1,0
BGI-EX04,67,Female,III,No,,,No,Chinese,,6.0,0:LIVING,0.0,III,Late,Exon19del,Exon19del,1,0,0,0,0,0,0,0
BGI-EX05,68,Male,III,Yes,,,No,Chinese,,4.0,1:DECEASED,1.0,III,Late,Wildtype,,0,1,0,0,1,0,0,0
BGI-EX06,82,Male,I,Yes,,,No,Chinese,,17.0,0:LIVING,0.0,I,Early,Wildtype,,0,0,0,1,1,0,0,0
BGI-EX07,51,Male,II,Yes,,,No,Chinese,,17.0,0:LIVING,0.0,II,Early,Wildtype,,0,1,1,0,0,0,0,0
BGI-EX08,47,Male,IV,Yes,,,No,Chinese,,16.0,0:LIVING,0.0,IV,Late,Wildtype,,0,1,0,0,0,0,0,0
BGI-EX09,52,Male,III,Yes,,,No,Chinese,,13.0,1:DECEASED,1.0,III,Late,Wildtype,,0,1,1,0,0,1,0,0
BGI-RS01,57,Male,III,No,,,No,Chinese,,37.0,1:DECEASED,1.0,III,Late,Wildtype,,0,0,0,0,0,0,0,0
BGI-RS02,58,Female,III,No,,,No,Chinese,,23.0,1:DECEASED,1.0,III,Late,Rare,S768I,1,1,0,0,0,0,0,0
BGI-RS03,50,Male,III,Yes,,,No,Chinese,,67.0,0:LIVING,0.0,III,Late,Wildtype,,0,1,1,0,0,0,0,0
BGI-RS04,54,Male,III,Yes,,,No,Chinese,,50.0,1:DECEASED,1.0,III,Late,Wildtype,,0,0,0,0,0,0,0,0
BGI-RS05,71,Male,III,Yes,,,No,Chinese,,26.0,1:DECEASED,1.0,III,Late,Wildtype,,0,0,0,0,0,0,0,0
BGI-RS06,56,Male,III,Yes,,,No,Chinese,,59.0,0:LIVING,0.0,III,Late,Wildtype,,0,1,1,0,0,0,0,0
BGI-RS07,72,Male,III,No,,,No,Chinese,,6.0,1:DECEASED,1.0,III,Late,Wildtype,,0,0,1,0,1,0,0,0
BGI-RS08,66,Female,III,No,,,No,Chinese,,65.0,0:LIVING,0.0,III,Late,L858R,L858R,1,0,0,0,0,1,0,1
BGI-RS09,57,Female,IV,No,,,No,Chinese,,12.0,1:DECEASED,1.0,IV,Late,Wildtype,,0,0,0,0,0,0,0,0
BGI-RS10,51,Male,III,No,,,No,Chinese,,20.0,1:DECEASED,1.0,III,Late,Wildtype,,0,1,1,0,0,0,0,0
BGI-RS11,60,Female,III,No,,,No,Chinese,,61.0,0:LIVING,0.0,III,Late,Wildtype,,0,0,0,0,0,0,0,1
BGI-RS12,59,Female,III,No,,,No,Chinese,,66.0,0:LIVING,0.0,III,Late,Wildtype,,0,0,0,0,0,0,0,0
BGI-RS13,67,Male,IV,No,,,No,Chinese,,29.0,1:DECEASED,1.0,IV,Late,Other,Other,1,0,0,0,0,0,1,0
BGI-RS14,55,Male,III,Yes,,,No,Chinese,,60.0,1:DECEASED,1.0,III,Late,Wildtype,,0,1,0,0,0,1,0,0
BGI-RS15,64,Male,III,No,,,No,Chinese,,41.0,1:DECEASED,1.0,III,Late,Wildtype,,0,0,0,0,0,0,0,1
BGI-RS16,56,Female,III,No,,,No,Chinese,,78.0,0:LIVING,0.0,III,Late,Exon19del,Exon19del,1,1,0,0,0,0,0,0
BGI-RS17,53,Female,III,No,,,No,Chinese,,47.0,0:LIVING,0.0,III,Late,Rare,L861Q,1,0,0,0,0,0,0,0
BGI-RS18,62,Male,III,Yes,,,No,Chinese,,,1:DECEASED,1.0,III,Late,Exon19del,Exon19del,1,0,0,0,0,0,0,0
BGI-RS19,53,Male,I,Yes,,,No,Chinese,,67.0,0:LIVING,0.0,I,Early,Wildtype,,0,0,0,0,0,0,0,0
BGI-RS20,42,Female,III,No,,,No,Chinese,,12.0,1:DECEASED,1.0,III,Late,Wildtype,,0,1,0,0,0,0,0,0
BGI-RS21,67,Female,III,No,,,No,Chinese,,61.0,0:LIVING,0.0,III,Late,Wildtype,,0,1,0,0,0,0,0,0
BGI-RS22,62,Male,IV,No,,,No,Chinese,,24.0,1:DECEASED,1.0,IV,Late,Wildtype,,0,0,0,0,0,0,0,0
BGI-RS23,70,Male,III,No,,,No,Chinese,,80.0,0:LIVING,0.0,III,Late,Wildtype,,0,0,0,0,0,0,0,0
BGI-RS24,53,Male,II,,,,No,Chinese,,55.0,0:LIVING,0.0,II,Early,Exon19del,Exon19del,1,0,0,0,0,0,0,1
BGI-RS25,59,Female,III,No,,,No,Chinese,,22.0,1:DECEASED,1.0,III,Late,Wildtype,,0,1,0,0,0,0,0,0
BGI-RS26,68,Male,III,Yes,,,No,Chinese,,59.0,0:LIVING,0.0,III,Late,Wildtype,,0,1,1,0,1,0,0,0
BGI-RS27,70,Male,III,No,,,No,Chinese,,20.0,1:DECEASED,1.0,III,Late,Wildtype,,0,0,1,0,0,0,0,0
BGI-RS28,62,Male,I,No,,,No,Chinese,,32.0,1:DECEASED,1.0,I,Early,Wildtype,,0,1,0,0,0,0,0,0
BGI-RS29,57,Female,I,No,,,No,Chinese,,54.0,0:LIVING,0.0,I,Early,Wildtype,,0,0,0,0,0,0,0,0
BGI-RS30,61,Male,I,Yes,,,No,Chinese,,59.0,1:DECEASED,1.0,I,Early,Exon19del,Exon19del,1,1,0,0,0,0,0,0
BGI-RS31,63,Male,I,Yes,,,No,Chinese,,28.0,1:DECEASED,1.0,I,Early,Wildtype,,0,0,1,1,1,0,0,0
BGI-RS32,67,Female,I,No,,,No,Chinese,,17.0,1:DECEASED,1.0,I,Early,Exon19del,Exon19del,1,0,0,0,0,0,0,0
BGI-RS33,67,Male,I,Yes,,,No,Chinese,,6.0,1:DECEASED,1.0,I,Early,Wildtype,,0,1,0,0,0,0,0,0
BGI-RS34,74,Male,I,Yes,,,No,Chinese,,55.0,1:DECEASED,1.0,I,Early,Wildtype,,0,0,0,0,0,0,0,0
BGI-RS35,72,Male,I,No,,,No,Chinese,,49.0,1:DECEASED,1.0,I,Early,Exon19del,Exon19del,1,0,0,0,0,0,0,0
BGI-RS36,63,Male,II,Yes,,,No,Chinese,,61.0,0:LIVING,0.0,II,Early,Wildtype,,0,1,0,0,0,0,0,0
BGI-RS37,54,Female,I,No,,,No,Chinese,,56.0,0:LIVING,0.0,I,Early,Wildtype,,0,0,0,0,0,0,0,0
BGI-RS38,58,Male,II,Yes,,,No,Chinese,,62.0,0:LIVING,0.0,II,Early,L858R,L858R,1,0,0,0,0,0,0,1
BGI-RS39,55,Female,II,No,,,No,Chinese,,45.0,1:DECEASED,1.0,II,Early,Exon19del,Exon19del,1,0,0,0,0,0,0,0
BGI-RS40,41,Male,II,No,,,No,Chinese,,22.0,0:LIVING,0.0,II,Early,Wildtype,,0,1,0,1,0,0,0,0
BGI-RS41,49,Female,I,No,,,No,Chinese,,70.0,0:LIVING,0.0,I,Early,Wildtype,,0,0,0,0,0,0,0,0
BGI-RS42,46,Male,I,Yes,,,No,Chinese,,63.0,0:LIVING,0.0,I,Early,Wildtype,,0,0,0,0,0,0,0,0
BGI-RS44,67,Male,I,Yes,,,No,Chinese,,58.0,0:LIVING,0.0,I,Early,Other,Other,1,0,0,0,0,0,0,0
BGI-RS45,77,Female,III,No,,,No,Chinese,,28.0,1:DECEASED,1.0,III,Late,Wildtype,,0,0,0,0,0,0,0,0
BGI-RS46,68,Male,II,No,,,No,Chinese,,58.0,1:DECEASED,1.0,II,Early,Wildtype,,0,0,0,0,0,0,0,0
BGI-RS47,49,Female,II,No,,,No,Chinese,,56.0,0:LIVING,0.0,II,Early,Wildtype,,0,1,0,0,0,0,0,0
BGI-RS48,36,Male,II,No,,,No,Chinese,,,1:DECEASED,1.0,II,Early,Wildtype,,0,1,0,0,0,0,1,0
BGI-RS49,51,Male,II,Yes,,,No,Chinese,,61.0,0:LIVING,0.0,II,Early,Wildtype,,0,0,0,0,0,0,0,0
BGI-RS50,65,Male,II,No,,,No,Chinese,,5.0,1:DECEASED,1.0,II,Early,Wildtype,,0,0,0,0,1,0,0,0
BGI-RS51,49,Male,III,Yes,,,No,Chinese,,35.0,0:LIVING,0.0,III,Late,Wildtype,,0,0,0,0,0,0,0,0
BGI-RS52,57,Female,II,No,,,No,Chinese,,48.0,0:LIVING,0.0,II,Early,Wildtype,,0,0,0,0,0,0,0,0
BGI-RS53,72,Female,I,No,,,No,Chinese,,74.0,0:LIVING,0.0,I,Early,Wildtype,,0,0,0,0,0,0,0,0
BGI-RS54,67,Male,II,Yes,,,No,Chinese,,49.0,0:LIVING,0.0,II,Early,L858R,L858R,1,1,0,0,0,0,0,0
BGI-RS55,63,Male,II,No,,,No,Chinese,,57.0,0:LIVING,0.0,II,Early,Wildtype,,0,1,0,0,0,0,0,0
BGI-RS56,62,Male,II,No,,,No,Chinese,,58.0,0:LIVING,0.0,II,Early,Wildtype,,0,1,1,0,0,0,0,0
BGI-RS57,71,Male,II,Yes,,,No,Chinese,,10.0,1:DECEASED,1.0,II,Early,Wildtype,,0,1,0,0,0,0,0,0
BGI-RS58,78,Female,I,Yes,,,No,Chinese,,60.0,0:LIVING,0.0,I,Early,L858R,L858R,1,1,0,0,0,0,0,0
BGI-RS59,74,Male,II,No,,,No,Chinese,,,,,II,Early,Wildtype,,0,0,1,0,0,0,0,0
BGI-RS60,60,Male,I,Yes,,,No,Chinese,,62.0,0:LIVING,0.0,I,Early,Other,Other,1,1,0,0,0,0,0,0
BGI-WG01,77,Male,III,,,,No,Chinese,,4.0,1:DECEASED,1.0,III,Late,Wildtype,,0,0,1,0,0,0,0,0
BGI-WG02,78,Male,III,Yes,,,No,Chinese,,6.0,1:DECEASED,1.0,III,Late,Wildtype,,0,0,0,0,0,0,0,0
BGI-WG03,56,Male,III,No,,,No,Chinese,,16.0,0:LIVING,0.0,III,Late,Exon19del,Exon19del,1,0,0,0,0,0,0,0
BGI-WG04,25,Female,IV,No,,,No,Chinese,,17.0,0:LIVING,0.0,IV,Late,Wildtype,,0,0,0,0,0,0,0,0
BGI-WG05,58,Male,III,,,,No,Chinese,,14.0,0:LIVING,0.0,III,Late,L858R,L858R,1,0,0,0,0,0,0,0
BGI-WG06,48,Female,III,No,,,No,Chinese,,13.0,0:LIVING,0.0,III,Late,Wildtype,,0,0,0,0,0,0,0,0
BGI-WG07,55,Female,III,,,,No,Chinese,,15.0,0:LIVING,0.0,III,Late,Wildtype,,0,0,0,0,0,0,0,0
BGI-WG08,63,Male,III,Yes,,,No,Chinese,,16.0,0:LIVING,0.0,III,Late,Wildtype,,0,1,0,0,0,0,0,0
BGI-WG09,66,Male,III,Yes,,,No,Chinese,,16.0,0:LIVING,0.0,III,Late,Wildtype,,0,0,0,0,0,0,0,0
BGI-WG10,65,Male,III,Yes,,,No,Chinese,,15.0,0:LIVING,0.0,III,Late,Other,Other,1,1,0,0,0,0,0,0
BGI-WG11,68,Female,III,No,,,No,Chinese,,16.0,0:LIVING,0.0,III,Late,Rare,L861Q,1,0,0,0,0,0,0,0
BGI-WG12,57,Female,III,No,,,No,Chinese,,13.0,0:LIVING,0.0,III,Late,L858R,L858R,1,1,0,0,0,0,0,0
BGI-WG13,70,Female,III,No,,,No,Chinese,,13.0,0:LIVING,0.0,III,Late,L858R,L858R,1,0,0,0,0,0,0,0
BGI-WG14,59,Male,III,No,,,No,Chinese,,5.0,0:LIVING,0.0,III,Late,L858R,L858R,1,1,0,0,0,0,0,0
BGI-WG15,56,Female,III,Yes,,,No,Chinese,,7.0,0:LIVING,0.0,III,Late,Wildtype,,0,0,1,0,0,0,0,0
BGI-WG16,41,Female,III,No,,,No,Chinese,,5.0,0:LIVING,0.0,III,Late,L858R,L858R,1,0,0,0,0,0,0,0
BGI-WG17,51,Male,III,No,,,No,Chinese,,8.0,0:LIVING,0.0,III,Late,Exon19del,Exon19del,1,1,0,0,0,0,0,0
BGI-WG18,65,Female,III,No,,,No,Chinese,,7.0,0:LIVING,0.0,III,Late,Wildtype,,0,0,0,0,0,0,0,0
BGI-WG19,61,Female,III,No,,,No,Chinese,,8.0,0:LIVING,0.0,III,Late,Wildtype,,0,0,0,0,0,0,0,0
BGI-WG20,62,Male,III,No,,,No,Chinese,,7.0,0:LIVING,0.0,III,Late,Wildtype,,0,0,0,0,0,0,0,1
BGI-WG21,41,Female,II,No,,,No,Chinese,,6.0,0:LIVING,0.0,II,Early,Wildtype,,0,0,0,0,0,0,0,0
BGI-WG22,34,Female,III,No,,,No,Chinese,,24.0,0:LIVING,0.0,III,Late,L858R,L858R,1,1,0,0,0,0,0,0
BGI-WG23,73,Male,III,No,,,No,Chinese,,16.0,0:LIVING,0.0,III,Late,Wildtype,,0,0,1,0,0,0,0,0
BGI-WG24,67,Male,IV,Yes,,,No,Chinese,,17.0,0:LIVING,0.0,IV,Late,Exon19del,Exon19del,1,0,0,0,0,0,0,0
