patientId	egfr_classes	egfr_primary_class
A015	L858R,Other	L858R
A017	L858R	L858R
A021	L858R	L858R
A027	Exon19del	Exon19del
A028	L858R	L858R
A037	L858R,Other	L858R
A062	L858R	L858R
A066	L858R	L858R
A068	Exon19del	Exon19del
A071	Exon19del	Exon19del
A072	L858R	L858R
A074	L858R	L858R
A100	Exon20ins	Exon20ins
A101	Exon19del	Exon19del
A102	L858R	L858R
A103	L858R	L858R
A104	Exon19del	Exon19del
A111	Exon19del	Exon19del
A112	Other	Other
A114	L858R	L858R
A117	L858R	L858R
A122	L861Q	L861Q
A130	Other	Other
A134	Exon19del	Exon19del
A136	L858R	L858R
A139	L858R	L858R
A146	L858R	L858R
A147	Exon19del	Exon19del
A148	L858R	L858R
A149	L858R	L858R
A150	Exon19del	Exon19del
A152	L858R,T790M	T790M
A153	L858R	L858R
A156	Other	Other
A157	L858R,Other	L858R
A162	Exon19del	Exon19del
A163	Other	Other
A165	L858R	L858R
A168	Exon19del	Exon19del
A169	L861Q,Other	L861Q
A182	L858R	L858R
A185	Exon19del	Exon19del
A186	L858R	L858R
A187	Other	Other
A192	L858R	L858R
A197	G719X,S768I	G719X
A202	Exon19del	Exon19del
A203	L858R,Other	L858R
A204	Exon19del	Exon19del
A207	Exon19del	Exon19del
A213	Exon19del	Exon19del
A217	Exon19del	Exon19del
A219	L858R,Other	L858R
A220	L858R	L858R
A222	L858R	L858R
A239	L858R	L858R
A243	L858R	L858R
A249	Exon19del	Exon19del
A255	L858R	L858R
A265	L858R	L858R
A269	L858R	L858R
A273	L858R	L858R
A276	Other	Other
A277	Exon19del	Exon19del
A278	Exon19del	Exon19del
A279	L858R,Other	L858R
A281	L858R	L858R
A282	Exon19del	Exon19del
A283	G719X,Other	G719X
A284	Exon19del	Exon19del
A295	Other	Other
A302	L858R	L858R
A307	Other	Other
A310	L858R	L858R
A315	Exon19del	Exon19del
A316	L858R	L858R
A320	L858R,T790M	T790M
A323	Exon19del	Exon19del
A349	G719X,Other,S768I	G719X
A364	Exon19del	Exon19del
A375	L858R,Other	L858R
A380	Exon19del	Exon19del
A381	Other,S768I	S768I
A425	L858R	L858R
A426	Other	Other
A428	Exon19del	Exon19del
A430	Exon19del	Exon19del
A432	Exon19del	Exon19del
A434	Exon19del	Exon19del
A435	Exon19del	Exon19del
A483	Exon19del	Exon19del
A485	Exon19del	Exon19del
A486	Exon19del	Exon19del
A488	L858R	L858R
A490	Exon19del	Exon19del
A492	Exon19del	Exon19del
A493	L858R	L858R
A494	Exon19del	Exon19del
A496	L858R	L858R
A497	Exon19del	Exon19del
A499	L858R	L858R
A502	L858R	L858R
A503	Exon19del	Exon19del
A504	Exon19del	Exon19del
A505	Exon19del	Exon19del
A510	Exon19del	Exon19del
A511	L858R	L858R
A512	Exon19del	Exon19del
A514	L858R,Other	L858R
A517	L858R	L858R
A519	Exon19del	Exon19del
A521	L858R	L858R
A524	Exon19del	Exon19del
A538	Exon19del	Exon19del
BGI-EX02	L858R	L858R
BGI-EX04	Exon19del	Exon19del
BGI-RS02	Other,S768I	S768I
BGI-RS08	L858R,Other	L858R
BGI-RS13	Other	Other
BGI-RS16	Exon19del	Exon19del
BGI-RS17	L861Q	L861Q
BGI-RS18	Exon19del	Exon19del
BGI-RS24	Exon19del	Exon19del
BGI-RS30	Exon19del	Exon19del
BGI-RS32	Exon19del	Exon19del
BGI-RS35	Exon19del	Exon19del
BGI-RS38	L858R	L858R
BGI-RS39	Exon19del	Exon19del
BGI-RS44	Other	Other
BGI-RS54	L858R	L858R
BGI-RS58	L858R	L858R
BGI-RS60	Other	Other
BGI-WG03	Exon19del	Exon19del
BGI-WG05	L858R	L858R
BGI-WG10	Other	Other
BGI-WG11	L861Q	L861Q
BGI-WG12	L858R	L858R
BGI-WG13	L858R	L858R
BGI-WG14	L858R	L858R
BGI-WG16	L858R	L858R
BGI-WG17	Exon19del	Exon19del
BGI-WG22	L858R	L858R
BGI-WG24	Exon19del	Exon19del
