PATIENT_ID,AGE,SEX,AJCC_PATHOLOGIC_TUMOR_STAGE,OS_MONTHS,OS_STATUS_NUM,EGFR_Status
TCGA-05-4244,70,Male,STAGE IV,0.0,0,0
TCGA-05-4249,67,Male,STAGE IB,50.07068416,0,0
TCGA-05-4250,79,Female,STAGE IIIA,3.978038597,1,0
TCGA-05-4382,68,Male,STAGE IB,19.95594569,0,1
TCGA-05-4384,66,Male,STAGE IIIA,14.00532597,0,0
TCGA-05-4389,70,Male,STAGE IA,45.00772594,0,0
TCGA-05-4390,58,Female,STAGE IB,37.0187724,0,0
TCGA-05-4395,76,Male,STAGE IIIB,0.0,1,0
TCGA-05-4396,76,Male,STAGE IIIB,9.961534668,1,0
TCGA-05-4397,65,Male,STAGE IIB,24.03261334,1,0
TCGA-05-4398,47,Female,STAGE IIIB,47.04605977,0,0
TCGA-05-4402,57,Female,STAGE IV,8.021829898,1,1
TCGA-05-4403,76,Male,STAGE IB,19.00253148,0,0
TCGA-05-4405,74,Female,STAGE IB,20.05457474,0,0
TCGA-05-4410,62,Male,STAGE IB,0.0,0,1
TCGA-05-4415,57,Male,STAGE IIIB,2.991748036,1,0
TCGA-05-4417,51,Female,STAGE IB,14.95874018,0,0
TCGA-05-4418,69,Male,STAGE IIIA,9.008120459,1,0
TCGA-05-4420,41,Male,STAGE IB,29.98323306,0,0
TCGA-05-4422,68,Male,STAGE IB,11.9998685,0,0
TCGA-05-4424,70,Male,STAGE IIB,30.01610941,0,0
TCGA-05-4425,70,Female,STAGE IV,21.99427952,0,0
TCGA-05-4426,71,Male,STAGE IB,26.00519446,0,0
TCGA-05-4427,65,Female,STAGE IIB,26.00519446,0,0
TCGA-05-4430,59,Female,STAGE IB,25.0189039,0,0
TCGA-05-4432,66,Male,STAGE IIB,25.0189039,0,0
TCGA-05-4433,82,Male,STAGE IB,23.99973699,0,0
TCGA-05-4434,67,Female,STAGE IV,15.02449288,1,0
TCGA-05-5423,65,Male,STAGE IIB,4.964329158,0,1
TCGA-05-5425,68,Male,STAGE IIB,28.9969425,0,0
TCGA-05-5428,57,Male,STAGE IIA,22.02715587,0,0
TCGA-05-5429,60,Male,STAGE IIIA,9.040996811,1,0
TCGA-05-5715,69,Female,STAGE IB,2.038333827,0,0
TCGA-35-3615,57,Male,STAGE IB,0.460268929,0,0
TCGA-35-4122,69,Male,STAGE IA,7.397179209,0,0
TCGA-35-4123,38,Male,STAGE IA,5.983496071,0,0
TCGA-35-5375,61,Male,STAGE IIIA,8.679356939,0,0
TCGA-38-4625,66,Female,STAGE IB,97.74139462,0,0
TCGA-38-4626,57,Female,STAGE IIA,120.7877174,0,0
TCGA-38-4627,64,Female,STAGE IIA,37.70917579,1,1
TCGA-38-4628,65,Female,STAGE IIB,49.05151724,1,1
TCGA-38-4631,72,Female,STAGE IB,11.63822862,1,0
TCGA-38-4632,42,Male,STAGE IV,44.61320972,1,0
TCGA-38-6178,70,Female,STAGE IIIA,14.72860571,0,1
TCGA-38-7271,72,Female,STAGE IA,26.30108163,1,0
TCGA-38-A44F,80,Male,STAGE IB,4.372554821,0,0
TCGA-44-2655,65,Female,STAGE IA,43.5282901,0,0
TCGA-44-2656,59,Male,STAGE IB,46.98030707,0,0
TCGA-44-2657,74,Female,STAGE IB,44.41595161,0,0
TCGA-44-2659,65,Female,STAGE IIB,44.94197324,0,0
TCGA-44-2662,65,Male,STAGE IB,42.08173061,0,0
TCGA-44-2665,55,Female,STAGE IIB,42.772134,0,0
TCGA-44-2666,43,Male,STAGE IB,3.189006148,1,0
TCGA-44-2668,51,Male,STAGE IB,25.0189039,1,0
TCGA-44-3396,74,Female,STAGE IIIA,37.15027781,0,0
TCGA-44-3398,77,Female,STAGE IA,38.23519742,0,0
TCGA-44-3917,33,Female,STAGE IB,38.89272446,0,0
TCGA-44-3918,60,Female,STAGE IA,34.05990071,0,0
TCGA-44-3919,71,Female,STAGE IA,33.73113719,1,0
TCGA-44-4112,60,Female,STAGE IB,26.56409245,1,0
TCGA-44-5643,53,Male,STAGE IIIA,33.30374462,0,0
TCGA-44-5644,51,Female,STAGE IB,28.37229181,0,0
TCGA-44-5645,61,Female,STAGE IA,28.01065194,0,1
TCGA-44-6144,58,Male,STAGE IA,23.76960253,0,0
TCGA-44-6145,62,Female,STAGE IA,19.56142946,0,0
TCGA-44-6146,64,Male,STAGE IIB,23.93398429,0,0
TCGA-44-6148,60,Male,STAGE IA,23.14495184,0,0
TCGA-44-6774,56,Female,STAGE IIIA,21.63263964,0,0
TCGA-44-6775,72,Female,STAGE IB,23.17782819,0,0
TCGA-44-6776,60,Female,STAGE IA,86.00453694,0,0
TCGA-44-6777,85,Female,STAGE IB,32.44895946,1,0
TCGA-44-6778,59,Male,STAGE IA,61.2815202,0,0
TCGA-44-6779,50,Female,STAGE IIB,16.43817602,1,0
TCGA-44-7659,70,Male,STAGE IA,22.71755926,0,0
TCGA-44-7660,72,Male,STAGE IB,19.46280041,0,0
TCGA-44-7661,69,Female,STAGE IB,18.31212809,1,0
TCGA-44-7662,61,Male,STAGE IB,7.167044745,0,0
TCGA-44-7667,49,Female,STAGE IIB,36.06535819,0,0
TCGA-44-7669,59,Male,STAGE IIA,18.87102607,1,0
TCGA-44-7670,47,Female,STAGE IIA,28.9969425,0,0
TCGA-44-7671,64,Male,STAGE IB,29.22707696,0,0
TCGA-44-7672,52,Female,STAGE IA,23.63809712,0,0
TCGA-44-8117,54,Female,STAGE IB,12.65739554,0,0
TCGA-44-8119,73,Male,STAGE IIB,9.369760331,0,0
TCGA-44-8120,58,Male,STAGE IB,8.54785153,0,0
TCGA-44-A479,73,Female,STAGE IB,15.97790709,0,0
TCGA-44-A47A,78,Female,STAGE IB,15.32038005,0,0
TCGA-44-A47B,79,Male,STAGE IB,9.435513036,0,0
TCGA-44-A47F,74,Male,STAGE IIB,11.07933064,0,0
TCGA-44-A47G,73,Female,STAGE IA,11.53959957,0,0
TCGA-44-A4SS,73,Male,STAGE IA,13.6436861,0,0
TCGA-44-A4SU,67,Female,STAGE IA,13.44642798,1,1
TCGA-49-4486,72,Male,STAGE IA,76.20738403,1,0
TCGA-49-4487,72,Female,STAGE IA,28.10928099,1,0
TCGA-49-4488,74,Female,STAGE IA,28.56954992,1,0
TCGA-49-4490,45,Female,STAGE IIIA,12.65739554,1,1
TCGA-49-4494,77,Male,STAGE IIIA,35.53933656,1,1
TCGA-49-4501,67,Female,STAGE IB,46.71729625,1,1
TCGA-49-4505,61,Female,STAGE IIB,14.07107867,1,0
TCGA-49-4506,68,Female,STAGE IIB,32.84347569,1,0
TCGA-49-4507,73,Female,STAGE IIIA,8.810862347,1,0
TCGA-49-4510,51,Female,STAGE IIB,29.45721143,1,0
TCGA-49-4512,69,Female,STAGE IIIA,29.7530986,1,0
TCGA-49-4514,79,Female,STAGE IA,55.88979847,0,0
TCGA-49-6742,70,Male,STAGE IIA,16.0436598,1,0
TCGA-49-6743,81,Female,STAGE IIIA,53.29256666,0,0
TCGA-49-6744,64,Female,STAGE IIA,55.33090048,0,0
TCGA-49-6745,82,Male,STAGE IIIA,17.16145577,0,0
TCGA-49-6761,68,Female,STAGE IIIA,11.63822862,0,0
TCGA-49-6767,46,Female,STAGE IIB,22.25729033,0,0
TCGA-49-AAQV,63,Female,STAGE II,22.25729033,1,0
TCGA-49-AAR0,57,Male,STAGE IA,156.6558175,0,0
TCGA-49-AAR2,64,Male,STAGE IB,73.11700694,0,0
TCGA-49-AAR3,69,Male,STAGE IIB,62.23493441,0,0
TCGA-49-AAR4,51,Male,STAGE IIIA,28.89831344,1,0
TCGA-49-AAR9,61,Male,STAGE IIB,8.54785153,1,0
TCGA-49-AARE,51,Female,STAGE IA,40.40503666,1,0
TCGA-49-AARN,56,Female,STAGE IA,37.31465957,1,0
TCGA-49-AARO,39,Female,STAGE IA,123.5822073,0,0
TCGA-49-AARQ,41,Female,STAGE I,221.3236019,0,0
TCGA-49-AARR,68,Male,STAGE IA,164.1187494,0,0
TCGA-4B-A93V,52,Female,STAGE IA,9.862905612,1,0
TCGA-50-5044,72,Female,STAGE IIIB,20.51484367,1,0
TCGA-50-5045,57,Female,STAGE IA,71.47318934,1,0
TCGA-50-5049,70,Male,STAGE IA,101.7194332,0,0
TCGA-50-5051,42,Female,STAGE IIIA,15.71489628,1,0
TCGA-50-5055,79,Female,STAGE IIA,60.16372423,1,0
TCGA-50-5066,72,Male,STAGE IB,47.40769964,0,1
TCGA-50-5068,59,Female,STAGE IIB,49.28165171,1,0
TCGA-50-5072,74,Male,STAGE IIIA,8.21908801,1,0
TCGA-50-5930,47,Male,STAGE IIIA,9.271131275,1,0
TCGA-50-5931,75,Female,STAGE IB,14.26833679,1,0
TCGA-50-5932,75,Male,STAGE IIB,40.60229477,1,0
TCGA-50-5933,72,Male,STAGE IIIB,78.67311043,1,0
TCGA-50-5935,86,Female,STAGE IA,21.46825788,1,0
TCGA-50-5936,58,Male,STAGE IIIA,8.449222474,1,0
TCGA-50-5939,85,Male,STAGE IB,15.12312194,1,0
TCGA-50-5941,55,Female,STAGE IIIA,48.45974291,0,0
TCGA-50-5942,67,Female,STAGE IA,60.72262222,0,0
TCGA-50-5944,69,Female,STAGE IA,57.53361607,0,1
TCGA-50-5946,62,Male,STAGE IA,53.16106125,0,0
TCGA-50-6590,72,Female,STAGE IB,42.34474143,1,0
TCGA-50-6591,63,Female,STAGE IV,3.912285893,1,1
TCGA-50-6592,71,Female,STAGE IB,25.54492554,1,0
TCGA-50-6593,49,Female,STAGE IIIA,11.04645429,1,0
TCGA-50-6594,79,Female,STAGE IIIA,12.16425026,1,0
TCGA-50-6595,74,Female,STAGE IIIA,6.213630536,1,1
TCGA-50-6597,79,Female,STAGE IB,41.68721439,1,0
TCGA-50-6673,84,Female,STAGE I,0.723279745,1,1
TCGA-50-7109,60,Male,STAGE IA,10.12591643,1,0
TCGA-50-8457,63,Female,STAGE IA,36.98589605,0,0
TCGA-50-8459,68,Male,STAGE IIB,36.78863793,0,0
TCGA-50-8460,74,Male,STAGE IA,27.25449584,0,0
TCGA-53-7624,40,Female,STAGE IV,34.29003518,1,0
TCGA-53-7626,76,Female,STAGE IIA,30.54213105,1,0
TCGA-53-7813,51,Female,STAGE IIIB,13.93957327,0,0
TCGA-53-A4EZ,63,Male,STAGE IIA,35.21057304,0,0
TCGA-55-1592,65,Male,STAGE IA,23.04632278,1,0
TCGA-55-1594,68,Male,STAGE IIIA,38.7283427,0,0
TCGA-55-1595,74,Female,STAGE IA,48.62412467,0,0
TCGA-55-1596,55,Male,STAGE IIB,67.88966696,0,0
TCGA-55-5899,58,Male,STAGE IA,30.5750074,0,0
TCGA-55-6543,60,Female,STAGE IA,14.30121314,0,0
TCGA-55-6642,63,Male,STAGE IB,80.51418615,0,0
TCGA-55-6712,71,Male,STAGE IIA,5.621856199,1,0
TCGA-55-6968,61,Male,STAGE IV,42.50912319,1,1
TCGA-55-6969,52,Male,STAGE IB,40.73380018,0,0
TCGA-55-6970,67,Female,STAGE IIIA,15.25462735,1,0
TCGA-55-6971,59,Female,STAGE IB,46.02689286,0,0
TCGA-55-6972,72,Male,STAGE IB,53.65420653,1,0
TCGA-55-6975,61,Male,STAGE IIB,3.879409541,1,0
TCGA-55-6978,81,Male,STAGE IIA,5.786237959,1,0
TCGA-55-6979,59,Female,STAGE IIB,7.791695434,1,0
TCGA-55-6980,56,Male,STAGE IA,69.33622645,0,1
TCGA-55-6981,53,Female,STAGE IIIA,45.33648946,1,1
TCGA-55-6982,79,Female,STAGE IIB,32.71197028,1,0
TCGA-55-6983,81,Male,STAGE IIB,92.80994181,0,0
TCGA-55-6984,71,Female,STAGE IIB,24.98602755,1,0
TCGA-55-6985,58,Female,STAGE IB,40.53654207,0,0
TCGA-55-6986,74,Female,STAGE IB,107.209784,0,0
TCGA-55-6987,77,Male,STAGE IA,70.25676431,0,0
TCGA-55-7227,77,Male,STAGE IIIA,31.29828714,1,0
TCGA-55-7281,70,Female,STAGE IA,28.66817898,0,0
TCGA-55-7283,76,Female,STAGE IIIA,20.02169839,0,0
TCGA-55-7284,74,Male,STAGE IIB,7.988953546,1,0
TCGA-55-7570,60,Male,STAGE IA,27.09011408,0,1
TCGA-55-7573,72,Female,STAGE IA,16.01078344,0,1
TCGA-55-7574,64,Female,STAGE IB,32.71197028,1,0
TCGA-55-7576,54,Male,STAGE IB,22.02715587,0,0
TCGA-55-7724,76,Female,STAGE IB,23.17782819,0,0
TCGA-55-7725,68,Female,STAGE IA,14.5313476,0,0
TCGA-55-7726,72,Female,STAGE IA,21.43538153,0,0
TCGA-55-7727,70,Male,STAGE IIIA,3.912285893,0,0
TCGA-55-7728,64,Female,STAGE IB,23.14495184,0,0
TCGA-55-7815,76,Male,STAGE IB,25.41342013,0,0
TCGA-55-7816,49,Female,STAGE IV,15.38613276,1,0
TCGA-55-7903,64,Male,STAGE IA,18.64089161,0,0
TCGA-55-7907,77,Male,STAGE IIA,11.27658875,1,0
TCGA-55-7910,50,Female,STAGE IIA,34.19140612,0,0
TCGA-55-7911,70,Female,STAGE IA,17.65460105,0,0
TCGA-55-7913,61,Female,STAGE IA,18.44363349,1,0
TCGA-55-7914,71,Female,STAGE IIA,6.147877832,1,0
TCGA-55-7994,81,Male,STAGE IIB,19.82444028,0,0
TCGA-55-7995,73,Female,STAGE IA,29.22707696,0,0
TCGA-55-8085,64,Male,STAGE IA,29.72022224,0,0
TCGA-55-8087,59,Female,STAGE IB,15.18887464,0,0
TCGA-55-8089,56,Male,STAGE IA,23.07919913,1,0
TCGA-55-8090,80,Male,STAGE IA,19.66005852,1,0
TCGA-55-8091,74,Male,STAGE IB,19.72581122,0,0
TCGA-55-8092,75,Male,STAGE IIB,5.062958214,1,0
TCGA-55-8094,51,Male,STAGE IV,17.78610645,0,0
TCGA-55-8096,67,Female,STAGE IB,23.63809712,1,1
TCGA-55-8097,60,Female,STAGE IA,15.64914357,0,0
TCGA-55-8203,69,Female,STAGE IA,17.98336457,0,0
TCGA-55-8204,87,Female,STAGE IB,16.9313213,0,0
TCGA-55-8205,76,Female,STAGE IIA,19.69293487,0,0
TCGA-55-8206,56,Male,STAGE IA,29.19420061,0,1
TCGA-55-8207,73,Male,STAGE IB,32.12019594,0,0
TCGA-55-8208,73,Female,STAGE IA,22.15866128,0,0
TCGA-55-8299,61,Female,STAGE IA,15.41900911,1,0
TCGA-55-8301,58,Male,STAGE IB,17.55597199,0,0
TCGA-55-8302,54,Male,STAGE IB,15.71489628,0,0
TCGA-55-8505,62,Male,STAGE IIIA,14.4655949,0,0
TCGA-55-8506,62,Female,STAGE IIB,0.361639872,0,1
TCGA-55-8507,53,Male,STAGE IA,13.74231515,0,0
TCGA-55-8508,60,Female,STAGE IIA,20.28470921,0,0
TCGA-55-8510,55,Female,STAGE IB,17.72035375,0,0
TCGA-55-8511,73,Female,STAGE IB,18.14774633,0,0
TCGA-55-8512,41,Male,STAGE IV,19.95594569,1,0
TCGA-55-8513,77,Female,STAGE IIB,26.00519446,0,0
TCGA-55-8514,70,Female,STAGE IB,17.09570306,0,0
TCGA-55-8614,76,Male,STAGE IB,17.62172469,0,0
TCGA-55-8615,67,Male,STAGE IIIA,14.66285301,0,0
TCGA-55-8616,58,Female,STAGE IB,1.578064898,0,0
TCGA-55-8619,72,Female,STAGE IIB,13.67656245,0,0
TCGA-55-8620,60,Male,STAGE IV,12.32863202,1,0
TCGA-55-8621,75,Female,STAGE IA,16.9313213,0,0
TCGA-55-A48X,63,Female,STAGE IIA,22.65180656,0,0
TCGA-55-A48Y,69,Male,STAGE IIA,20.71210179,0,0
TCGA-55-A48Z,60,Female,STAGE IIIB,21.40250518,0,1
TCGA-55-A490,78,Male,STAGE IIA,3.254758852,1,0
TCGA-55-A491,81,Female,STAGE IA,20.58059638,0,0
TCGA-55-A492,70,Female,STAGE IA,19.59430582,0,0
TCGA-55-A493,54,Female,STAGE IB,0.920537857,0,0
TCGA-55-A494,61,Female,STAGE IB,15.81352533,0,0
TCGA-55-A4DF,88,Male,STAGE IA,20.18608015,1,0
TCGA-55-A4DG,71,Male,STAGE IA,19.98882204,0,0
TCGA-55-A57B,80,Female,STAGE IA,17.95048821,0,1
TCGA-62-8394,65,Female,STAGE IIIB,4.569812934,1,1
TCGA-62-8395,80,Female,STAGE IIB,39.97764408,0,0
TCGA-62-8397,70,Female,STAGE IIB,42.37761778,0,0
TCGA-62-8398,55,Male,STAGE IIIA,14.59710031,1,0
TCGA-62-8399,62,Male,STAGE IIIA,88.6346451,0,0
TCGA-62-8402,73,Female,STAGE IIIA,49.24877536,1,1
TCGA-62-A46O,65,Female,STAGE IB,47.80221587,1,0
TCGA-62-A46P,65,Male,STAGE IB,19.52855311,1,0
TCGA-62-A46R,54,Female,STAGE IB,56.71170727,1,0
TCGA-62-A46S,73,Male,STAGE IB,54.34460992,1,0
TCGA-62-A46U,71,Female,STAGE IIB,67.95541967,0,1
TCGA-62-A46V,78,Female,STAGE IB,72.29509814,0,0
TCGA-62-A46Y,70,Female,STAGE IIIA,13.61080975,1,0
TCGA-62-A470,84,Male,STAGE IB,39.25436434,1,0
TCGA-62-A471,64,Male,STAGE IIB,40.96393464,0,0
TCGA-62-A472,70,Male,STAGE IIB,29.91748036,0,0
TCGA-64-1676,58,Male,STAGE IA,56.81033633,0,0
TCGA-64-1677,77,Female,STAGE IIIA,20.64634908,1,0
TCGA-64-1678,70,Female,STAGE IIA,39.08998258,0,0
TCGA-64-1679,58,Female,STAGE IIIA,81.79636388,0,0
TCGA-64-1680,63,Male,STAGE IV,37.0187724,0,0
TCGA-64-1681,61,Female,STAGE IA,38.36670283,1,1
TCGA-64-5774,60,Male,STAGE IB,87.97711806,0,0
TCGA-64-5775,71,Male,STAGE IIIA,2.038333827,1,0
TCGA-64-5778,60,Male,STAGE IB,42.90363941,0,0
TCGA-64-5779,61,Male,STAGE IIIA,28.40516816,0,0
TCGA-64-5781,55,Female,STAGE IB,51.25423283,0,0
TCGA-64-5815,74,Male,STAGE IIB,28.47092087,0,0
TCGA-67-3770,70,Female,STAGE IA,20.05457474,0,1
TCGA-67-3771,77,Female,STAGE IA,20.05457474,0,0
TCGA-67-3772,82,Female,STAGE IB,18.83814972,0,1
TCGA-67-3773,84,Female,STAGE IB,14.03820232,0,0
TCGA-67-3774,73,Female,STAGE IB,12.65739554,0,0
TCGA-67-4679,69,Male,,14.72860571,0,0
TCGA-67-6215,52,Female,STAGE IB,5.720485255,0,0
TCGA-67-6216,57,Female,STAGE IA,4.635565638,0,0
TCGA-67-6217,73,Female,STAGE IIA,13.87382056,0,1
TCGA-69-7760,73,Male,STAGE IIB,6.641023112,0,1
TCGA-69-7761,84,Male,STAGE IB,6.115001479,0,0
TCGA-69-7763,69,Male,STAGE IA,22.68468291,0,0
TCGA-69-7764,75,Male,STAGE IA,13.61080975,0,0
TCGA-69-7765,56,Male,STAGE IV,5.424598087,0,1
TCGA-69-7973,42,Female,STAGE IB,7.561560969,0,0
TCGA-69-7974,54,Female,STAGE IIIA,6.049248775,0,0
TCGA-69-7978,59,Male,STAGE IIB,4.405431173,0,0
TCGA-69-7979,71,Female,STAGE IB,13.41355163,0,0
TCGA-69-7980,70,Female,STAGE I,13.51218069,0,0
TCGA-69-8253,59,Female,STAGE IIA,14.00532597,0,0
TCGA-69-8254,85,Male,,13.44642798,0,0
TCGA-69-8255,71,Male,STAGE IA,4.241049413,0,0
TCGA-69-8453,77,Male,STAGE IIB,26.72847421,0,0
TCGA-69-A59K,60,Female,STAGE IIB,19.42992406,0,0
TCGA-71-6725,48,Female,STAGE IB,8.416346122,0,0
TCGA-71-8520,60,Female,STAGE IB,6.904033928,1,1
TCGA-73-4658,80,Female,STAGE IB,52.60216326,1,0
TCGA-73-4659,66,Male,STAGE IIIA,23.3750863,1,0
TCGA-73-4662,65,Female,STAGE IA,82.68402538,0,0
TCGA-73-4666,52,Female,STAGE IV,26.30108163,0,0
TCGA-73-4668,66,Female,STAGE IIB,15.3532564,0,0
TCGA-73-4670,69,Female,STAGE IV,4.306802117,0,0
TCGA-73-4675,59,Male,STAGE IIIA,30.31199658,1,0
TCGA-73-4676,45,Male,STAGE IIA,9.238254923,1,0
TCGA-73-4677,74,Male,STAGE IA,1.249301378,1,0
TCGA-73-7498,58,Female,STAGE IA,39.08998258,0,0
TCGA-73-7499,81,Female,STAGE IB,50.33369497,1,0
TCGA-73-A9RS,41,Male,STAGE IIB,11.17795969,1,0
TCGA-75-5125,,Male,STAGE IIB,66.64036559,1,0
TCGA-75-5146,,Male,STAGE IB,77.85120163,0,0
TCGA-75-5147,,Female,STAGE IB,43.82417727,0,0
TCGA-75-6206,,Male,STAGE IB,85.14975178,0,0
TCGA-75-6212,,Female,STAGE IIB,49.84054969,1,1
TCGA-75-6214,,Female,STAGE IIIA,36.65713253,1,0
TCGA-75-7025,,Male,STAGE IB,108.6563435,0,1
TCGA-75-7027,,Male,STAGE IB,100.5687609,0,0
TCGA-78-7143,62,Female,STAGE IB,163.0995825,1,0
TCGA-78-7145,52,Female,STAGE IV,27.15586679,1,0
TCGA-78-7146,71,Female,STAGE IIIA,5.687608903,1,0
TCGA-78-7147,67,Female,STAGE IIB,19.2655423,1,1
TCGA-78-7148,71,Male,STAGE IIB,20.58059638,1,0
TCGA-78-7149,71,Male,STAGE IIIB,129.532827,0,0
TCGA-78-7150,59,Male,STAGE IIB,21.89565046,1,0
TCGA-78-7152,65,Male,STAGE IB,39.94476773,1,0
TCGA-78-7153,65,Female,STAGE IB,119.5055397,0,0
TCGA-78-7154,72,Male,STAGE IIIA,19.49567676,1,0
TCGA-78-7155,68,Male,STAGE IB,38.49820824,1,1
TCGA-78-7156,62,Male,STAGE IV,32.08731959,1,0
TCGA-78-7158,59,Female,STAGE IIIB,5.884867015,1,1
TCGA-78-7159,60,Female,STAGE IA,64.89791893,0,0
TCGA-78-7160,61,Male,STAGE IV,22.91481737,1,0
TCGA-78-7161,69,Female,STAGE IIB,9.567018444,1,0
TCGA-78-7162,75,Male,STAGE IA,104.1851596,1,0
TCGA-78-7163,60,Male,STAGE IB,238.2877996,0,0
TCGA-78-7166,84,Male,STAGE IIB,8.482098826,1,0
TCGA-78-7167,77,Male,STAGE IV,88.14149982,1,0
TCGA-78-7220,53,Female,STAGE IIIA,26.5312161,1,0
TCGA-78-7535,45,Male,STAGE IB,31.19965809,1,0
TCGA-78-7536,69,Male,STAGE IIIA,8.021829898,1,0
TCGA-78-7537,72,Male,STAGE IB,53.32544301,1,0
TCGA-78-7539,75,Female,STAGE IIA,26.00519446,0,0
TCGA-78-7540,66,Female,STAGE IB,39.35299339,1,0
TCGA-78-7542,56,Male,STAGE IB,10.55330901,1,0
TCGA-78-7633,67,Male,STAGE IB,50.23506592,1,0
TCGA-78-8640,59,Male,STAGE IIA,232.1727981,0,0
TCGA-78-8648,58,Female,STAGE IIB,39.74750962,1,0
TCGA-78-8655,77,Female,STAGE IA,77.58819081,0,0
TCGA-78-8660,69,Male,STAGE IIB,10.55330901,1,0
TCGA-78-8662,53,Female,STAGE IB,110.4974192,1,0
TCGA-80-5608,,Female,STAGE IA,93.10582898,0,0
TCGA-80-5611,,Male,STAGE IB,85.31413354,0,0
TCGA-83-5908,59,Female,STAGE IA,27.09011408,0,0
TCGA-86-6562,52,Male,STAGE IIA,12.36150837,1,0
TCGA-86-6851,73,Female,STAGE IIA,5.884867015,0,0
TCGA-86-7701,66,Male,STAGE IV,31.13390538,0,0
TCGA-86-7711,70,Male,STAGE IIA,34.38866423,1,0
TCGA-86-7713,70,Male,STAGE IIA,38.03793931,0,0
TCGA-86-7714,61,Female,STAGE IIIA,20.54772003,1,0
TCGA-86-7953,69,Female,STAGE IA,32.77772298,0,0
TCGA-86-7954,68,Female,STAGE IB,19.89019298,0,0
TCGA-86-7955,62,Male,STAGE IB,35.24344939,0,0
TCGA-86-8054,61,Male,STAGE IIB,37.74205214,0,0
TCGA-86-8055,79,Male,STAGE IIA,4.076667653,1,1
TCGA-86-8056,63,Female,STAGE IIIA,4.569812934,0,0
TCGA-86-8073,58,Male,STAGE IB,24.32850051,0,0
TCGA-86-8074,62,Female,STAGE IIA,0.789032449,0,1
TCGA-86-8075,66,Female,STAGE IB,22.81618832,1,1
TCGA-86-8076,42,Male,STAGE IA,32.64621758,0,0
TCGA-86-8278,63,Female,STAGE IIB,31.03527633,0,0
TCGA-86-8279,46,Male,STAGE IIA,31.19965809,0,0
TCGA-86-8280,54,Female,STAGE IIA,23.04632278,0,1
TCGA-86-8281,75,Male,STAGE IA,0.0,0,0
TCGA-86-8358,44,Male,STAGE IB,21.46825788,0,0
TCGA-86-8359,52,Male,STAGE IIIA,14.59710031,1,0
TCGA-86-8585,57,Male,STAGE IB,11.60535227,0,0
TCGA-86-8668,61,Female,STAGE IA,13.90669691,0,1
TCGA-86-8669,64,Male,STAGE IA,30.83801821,0,0
TCGA-86-8671,72,Female,STAGE IIB,27.58325936,0,0
TCGA-86-8672,59,Male,STAGE IIB,0.624650689,1,0
TCGA-86-8673,61,Male,STAGE IB,28.33941546,0,0
TCGA-86-8674,50,Male,STAGE IIA,26.49833974,0,0
TCGA-86-A456,78,Female,STAGE IA,29.45721143,0,0
TCGA-86-A4D0,48,Male,STAGE IIA,3.813656837,1,0
TCGA-86-A4JF,56,Male,STAGE IIB,24.22987145,1,0
TCGA-86-A4P7,63,Female,STAGE IB,13.6436861,0,1
TCGA-86-A4P8,59,Female,STAGE IIIA,26.46546339,0,0
TCGA-91-6828,70,Male,STAGE IA,10.61906171,0,0
TCGA-91-6829,78,Male,STAGE IB,41.35845087,1,0
TCGA-91-6830,65,Female,STAGE IIA,1.972581122,0,0
TCGA-91-6831,66,Male,STAGE IB,10.19166913,0,0
TCGA-91-6835,81,Female,STAGE IA,2.597231811,0,1
TCGA-91-6836,52,Female,STAGE IB,13.7094388,0,0
TCGA-91-6840,59,Female,STAGE IA,12.23000296,0,0
TCGA-91-6847,62,Female,STAGE IB,27.68188842,0,0
TCGA-91-6848,59,Male,STAGE IIIA,7.364302857,0,0
TCGA-91-6849,75,Female,STAGE IIIA,1.150672321,0,0
TCGA-91-7771,62,Male,STAGE IIB,16.1751652,0,0
TCGA-91-8496,63,Female,STAGE IB,16.60255778,0,0
TCGA-91-8497,75,Female,STAGE IA,14.26833679,1,0
TCGA-91-8499,76,Female,STAGE IA,1.183548673,0,0
TCGA-91-A4BC,59,Male,STAGE IIA,1.44655949,0,0
TCGA-91-A4BD,78,Male,STAGE IIA,19.82444028,0,0
TCGA-93-7347,76,Female,STAGE IA,22.45454844,0,0
TCGA-93-7348,75,Female,STAGE IA,17.45734293,0,0
TCGA-93-8067,77,Male,STAGE IB,6.115001479,0,0
TCGA-93-A4JN,71,Male,STAGE IV,23.60522077,0,0
TCGA-93-A4JO,70,Male,STAGE IA,1.084919617,1,0
TCGA-93-A4JP,64,Male,STAGE IV,19.00253148,0,1
TCGA-93-A4JQ,49,Male,STAGE IA,17.29296117,0,0
TCGA-95-7039,54,Female,STAGE IIB,41.8187198,0,1
TCGA-95-7043,63,Female,STAGE IA,16.53680508,1,0
TCGA-95-7562,71,Male,STAGE IIA,2.860242628,1,0
TCGA-95-7567,61,Male,STAGE IIB,18.67376796,0,0
TCGA-95-7944,71,Male,STAGE IA,12.39438472,0,0
TCGA-95-7947,67,Male,STAGE IA,15.68201992,0,1
TCGA-95-7948,42,Female,STAGE IB,15.64914357,0,0
TCGA-95-8039,72,Male,STAGE IA,27.28737219,0,0
TCGA-95-8494,67,Male,STAGE IIA,2.761613571,0,0
TCGA-95-A4VK,74,Female,STAGE IIIA,21.40250518,0,0
TCGA-95-A4VN,62,Female,STAGE IIA,18.18062268,0,0
TCGA-95-A4VP,66,Female,STAGE IIIA,19.89019298,0,0
TCGA-97-7546,76,Female,STAGE IA,42.24611237,0,0
TCGA-97-7547,67,Female,STAGE IB,64.60203176,0,0
TCGA-97-7552,70,Male,STAGE IB,63.51711214,0,0
TCGA-97-7553,58,Female,STAGE IA,61.47877832,0,0
TCGA-97-7554,83,Female,STAGE IIIA,25.47917283,0,0
TCGA-97-7937,65,Male,STAGE IB,18.54226255,0,0
TCGA-97-7938,76,Female,STAGE IA,0.591774337,1,0
TCGA-97-7941,72,Female,STAGE IA,15.91215439,0,0
TCGA-97-8171,81,Male,STAGE IV,18.67376796,0,1
TCGA-97-8172,75,Female,STAGE IB,17.91761186,0,1
TCGA-97-8174,67,Male,STAGE IIA,5.391721735,1,0
TCGA-97-8175,55,Female,STAGE IB,18.11486997,0,0
TCGA-97-8176,63,Male,STAGE IIIA,15.38613276,1,0
TCGA-97-8177,59,Female,STAGE IB,16.40529967,0,1
TCGA-97-8179,72,Male,STAGE IA,14.30121314,0,0
TCGA-97-8547,78,Female,STAGE IIIA,21.59976329,0,1
TCGA-97-8552,55,Female,STAGE I,20.58059638,0,1
TCGA-97-A4LX,81,Male,STAGE IB,20.18608015,0,0
TCGA-97-A4M0,60,Female,STAGE IB,21.43538153,0,0
TCGA-97-A4M1,52,Female,STAGE IA,19.75868758,0,1
TCGA-97-A4M2,66,Male,STAGE IA,20.51484367,0,0
TCGA-97-A4M3,69,Female,STAGE IA,17.7532301,0,0
TCGA-97-A4M5,83,Male,STAGE IA,20.84360719,0,0
TCGA-97-A4M6,45,Female,STAGE IA,18.67376796,0,1
TCGA-97-A4M7,74,Male,STAGE IA,20.67922543,0,1
TCGA-99-7458,74,Female,STAGE IIIA,24.55863497,0,0
TCGA-99-8025,72,Female,STAGE IIIA,34.84893316,0,0
TCGA-99-8028,50,Female,STAGE IA,36.75576158,0,0
TCGA-99-8032,61,Male,STAGE IA,1.44655949,0,0
TCGA-99-8033,74,Female,STAGE IV,21.56688694,1,0
TCGA-99-AA5R,70,Female,STAGE IA,21.63263964,0,0
TCGA-J2-8192,65,Female,STAGE IIA,24.29562416,0,1
TCGA-J2-8194,69,Female,STAGE IIB,23.80247888,0,0
TCGA-J2-A4AD,61,Female,STAGE IA,18.08199362,1,0
TCGA-J2-A4AE,77,Female,STAGE IA,35.47358385,0,0
TCGA-J2-A4AG,66,Female,STAGE IA,32.48183582,0,0
TCGA-L4-A4E5,48,Female,STAGE I,19.00253148,0,0
TCGA-L4-A4E6,67,Male,STAGE IA,14.30121314,0,0
TCGA-L9-A443,63,Female,STAGE IA,6.345135944,1,0
TCGA-L9-A444,60,Female,STAGE IA,10.09304008,0,0
TCGA-L9-A50W,75,Male,STAGE IIA,14.5313476,1,1
TCGA-L9-A5IP,40,Female,STAGE IV,1.906828418,1,0
TCGA-L9-A743,56,Male,STAGE IIA,21.82989776,0,0
TCGA-L9-A7SV,69,Male,STAGE IIA,18.5751389,0,0
TCGA-L9-A8F4,64,Female,STAGE IB,15.64914357,0,0
TCGA-MN-A4N1,60,Male,STAGE IIA,27.18874314,0,0
TCGA-MN-A4N4,57,Male,STAGE IA,38.62971365,0,0
TCGA-MN-A4N5,63,Male,STAGE IA,2.761613571,0,0
TCGA-MP-A4SV,67,Male,STAGE IB,86.13604235,1,0
TCGA-MP-A4SW,53,Male,STAGE IIB,58.45415393,1,1
TCGA-MP-A4SY,61,Male,STAGE IIB,49.34740441,1,0
TCGA-MP-A4T2,71,Male,STAGE IA,37.34753592,1,0
TCGA-MP-A4T4,68,Female,STAGE IIB,86.03741329,1,0
TCGA-MP-A4T6,76,Female,STAGE IIIA,58.84867015,1,1
TCGA-MP-A4T7,75,Female,STAGE IV,5.490350791,1,0
TCGA-MP-A4T8,68,Male,STAGE IIIA,5.293092678,1,0
TCGA-MP-A4T9,54,Female,STAGE IIIA,41.58858533,1,1
TCGA-MP-A4TA,75,Female,STAGE IA,31.23253444,1,0
TCGA-MP-A4TC,77,Male,STAGE IIIA,2.432850051,1,0
TCGA-MP-A4TD,71,Male,STAGE IIIA,10.09304008,1,0
TCGA-MP-A4TE,56,Male,STAGE IIA,29.45721143,1,0
TCGA-MP-A4TF,58,Female,STAGE IIA,11.04645429,1,0
TCGA-MP-A4TH,70,Female,STAGE IA,24.36137686,0,0
TCGA-MP-A4TI,72,Male,STAGE IIA,14.10395503,1,0
TCGA-MP-A4TJ,62,Female,STAGE IA,11.14508334,1,0
TCGA-MP-A4TK,56,Female,STAGE IIB,19.13403689,1,0
TCGA-MP-A5C7,76,Female,STAGE IB,73.90603939,0,0
TCGA-NJ-A4YF,50,Female,STAGE IA,71.04579676,0,0
TCGA-NJ-A4YG,65,Male,STAGE IB,74.33343196,0,0
TCGA-NJ-A4YI,87,Female,STAGE IIIA,0.131505408,1,0
TCGA-NJ-A4YP,52,Male,STAGE IB,1.643817602,0,0
TCGA-NJ-A4YQ,69,Female,STAGE IA,47.07893612,0,0
TCGA-NJ-A55A,76,Female,STAGE IB,0.493145281,0,0
TCGA-NJ-A55O,56,Female,STAGE IIA,0.427392577,0,0
TCGA-NJ-A55R,67,Male,STAGE IA,19.82444028,0,0
TCGA-NJ-A7XG,49,Male,STAGE IIIA,20.28470921,0,0
TCGA-O1-A52J,74,Female,STAGE IA,59.11168097,1,0
TCGA-S2-AA1A,68,Female,STAGE IA,16.8655686,0,0
