patientId,AGE,SEX,AJCC_PATHOLOGIC_TUMOR_STAGE,RADIATION_THERAPY,OS_MONTHS,OS_STATUS,DFS_MONTHS,DFS_STATUS,DSS_MONTHS,DSS_STATUS,PFS_MONTHS,PFS_STATUS,OS_event,DFS_event,DSS_event,PFS_event,stage_group,egfr_class_simplified,egfr_primary_class,egfr_status,mut_TP53,mut_KRAS,mut_STK11,mut_KEAP1,mut_NF1,mut_BRAF,mut_PIK3CA
TCGA-05-4244,70.0,Male,STAGE IV,,0.0,0:LIVING,,,0.0,0:ALIVE OR DEAD TUMOR FREE,0.0,0:CENSORED,0.0,,0.0,0.0,Unknown,Wildtype,,0,0,1,0,0,0,0,0
TCGA-05-4249,67.0,Male,STAGE IB,No,50.07068416,0:LIVING,,,50.07068416,0:ALIVE OR DEAD TUMOR FREE,50.07068416,0:CENSORED,0.0,,0.0,0.0,Unknown,Wildtype,,0,0,1,0,0,0,1,1
TCGA-05-4250,79.0,Female,STAGE IIIA,,3.978038597,1:DECEASED,,,3.978038597,,3.978038597,0:CENSORED,1.0,,,0.0,Unknown,Wildtype,,0,0,1,0,0,0,0,0
TCGA-05-4382,68.0,Male,STAGE IB,Yes,19.95594569,0:LIVING,10.98070158,1:Recurred/Progressed,19.95594569,0:ALIVE OR DEAD TUMOR FREE,10.98070158,1:PROGRESSION,0.0,1.0,0.0,1.0,Unknown,Other,Other,1,1,0,0,0,0,1,0
TCGA-05-4384,66.0,Male,STAGE IIIA,Yes,14.00532597,0:LIVING,,,14.00532597,0:ALIVE OR DEAD TUMOR FREE,6.016372423,1:PROGRESSION,0.0,,0.0,1.0,Unknown,Wildtype,,0,1,0,0,1,0,0,0
TCGA-05-4389,70.0,Male,STAGE IA,No,45.00772594,0:LIVING,,,45.00772594,0:ALIVE OR DEAD TUMOR FREE,45.00772594,0:CENSORED,0.0,,0.0,0.0,Unknown,Wildtype,,0,0,0,0,1,0,1,0
TCGA-05-4390,58.0,Female,STAGE IB,No,37.0187724,0:LIVING,,,37.0187724,0:ALIVE OR DEAD TUMOR FREE,12.98615906,1:PROGRESSION,0.0,,0.0,1.0,Unknown,Wildtype,,0,0,1,0,0,0,0,0
TCGA-05-4395,76.0,Male,STAGE IIIB,,0.0,1:DECEASED,,,0.0,0:ALIVE OR DEAD TUMOR FREE,0.0,0:CENSORED,1.0,,0.0,0.0,Unknown,Wildtype,,0,1,1,1,1,0,0,0
TCGA-05-4396,76.0,Male,STAGE IIIB,,9.961534668,1:DECEASED,,,9.961534668,,9.961534668,0:CENSORED,1.0,,,0.0,Unknown,Wildtype,,0,1,0,0,0,0,0,0
TCGA-05-4397,65.0,Male,STAGE IIB,,24.03261334,1:DECEASED,,,24.03261334,,24.03261334,0:CENSORED,1.0,,,0.0,Unknown,Wildtype,,0,1,0,0,0,0,0,1
TCGA-05-4398,47.0,Female,STAGE IIIB,No,47.04605977,0:LIVING,47.04605977,0:DiseaseFree,47.04605977,0:ALIVE OR DEAD TUMOR FREE,47.04605977,0:CENSORED,0.0,0.0,0.0,0.0,Unknown,Wildtype,,0,1,0,0,0,0,0,0
TCGA-05-4402,57.0,Female,STAGE IV,No,8.021829898,1:DECEASED,,,8.021829898,0:ALIVE OR DEAD TUMOR FREE,8.021829898,0:CENSORED,1.0,,0.0,0.0,Unknown,Exon19del,Exon19del,1,1,0,0,0,0,0,0
TCGA-05-4403,76.0,Male,STAGE IB,,19.00253148,0:LIVING,,,19.00253148,0:ALIVE OR DEAD TUMOR FREE,19.00253148,0:CENSORED,0.0,,0.0,0.0,Unknown,Wildtype,,0,0,1,0,0,0,0,0
TCGA-05-4405,74.0,Female,STAGE IB,No,20.05457474,0:LIVING,,,20.05457474,0:ALIVE OR DEAD TUMOR FREE,20.05457474,0:CENSORED,0.0,,0.0,0.0,Unknown,Wildtype,,0,1,1,0,0,0,0,0
TCGA-05-4410,62.0,Male,STAGE IB,,0.0,0:LIVING,,,0.0,0:ALIVE OR DEAD TUMOR FREE,0.0,0:CENSORED,0.0,,0.0,0.0,Unknown,Other,Other,1,1,0,0,0,0,1,0
TCGA-05-4415,57.0,Male,STAGE IIIB,No,2.991748036,1:DECEASED,,,2.991748036,1:DEAD WITH TUMOR,1.972581122,1:PROGRESSION,1.0,,1.0,1.0,Unknown,Wildtype,,0,1,1,1,0,0,0,0
TCGA-05-4417,51.0,Female,STAGE IB,No,14.95874018,0:LIVING,,,14.95874018,0:ALIVE OR DEAD TUMOR FREE,14.95874018,0:CENSORED,0.0,,0.0,0.0,Unknown,Wildtype,,0,0,1,1,0,0,0,0
TCGA-05-4418,69.0,Male,STAGE IIIA,,9.008120459,1:DECEASED,,,9.008120459,,9.008120459,0:CENSORED,1.0,,,0.0,Unknown,Wildtype,,0,0,1,0,1,0,0,0
TCGA-05-4420,41.0,Male,STAGE IB,No,29.98323306,0:LIVING,29.98323306,0:DiseaseFree,29.98323306,0:ALIVE OR DEAD TUMOR FREE,29.98323306,0:CENSORED,0.0,0.0,0.0,0.0,Unknown,Wildtype,,0,1,0,0,0,0,0,0
TCGA-05-4422,68.0,Male,STAGE IB,,11.9998685,0:LIVING,,,11.9998685,0:ALIVE OR DEAD TUMOR FREE,11.9998685,0:CENSORED,0.0,,0.0,0.0,Unknown,Wildtype,,0,0,0,1,0,0,0,0
TCGA-05-4424,70.0,Male,STAGE IIB,Yes,30.01610941,0:LIVING,,,30.01610941,0:ALIVE OR DEAD TUMOR FREE,5.030081862,1:PROGRESSION,0.0,,0.0,1.0,Unknown,Wildtype,,0,1,0,0,0,1,0,0
TCGA-05-4425,70.0,Female,STAGE IV,,21.99427952,0:LIVING,,,21.99427952,0:ALIVE OR DEAD TUMOR FREE,21.99427952,0:CENSORED,0.0,,0.0,0.0,Unknown,Wildtype,,0,0,0,0,0,0,0,0
TCGA-05-4426,71.0,Male,STAGE IB,,26.00519446,0:LIVING,15.02449288,1:Recurred/Progressed,26.00519446,0:ALIVE OR DEAD TUMOR FREE,15.02449288,1:PROGRESSION,0.0,1.0,0.0,1.0,Unknown,Wildtype,,0,1,0,0,0,0,0,0
TCGA-05-4427,65.0,Female,STAGE IIB,No,26.00519446,0:LIVING,26.00519446,0:DiseaseFree,26.00519446,0:ALIVE OR DEAD TUMOR FREE,26.00519446,0:CENSORED,0.0,0.0,0.0,0.0,Unknown,Wildtype,,0,1,1,0,0,0,0,0
TCGA-05-4430,59.0,Female,STAGE IB,,25.0189039,0:LIVING,,,25.0189039,0:ALIVE OR DEAD TUMOR FREE,25.0189039,0:CENSORED,0.0,,0.0,0.0,Unknown,Wildtype,,0,1,0,0,0,0,0,0
TCGA-05-4432,66.0,Male,STAGE IIB,No,25.0189039,0:LIVING,25.0189039,0:DiseaseFree,25.0189039,0:ALIVE OR DEAD TUMOR FREE,25.0189039,0:CENSORED,0.0,0.0,0.0,0.0,Unknown,Wildtype,,0,1,0,1,0,0,0,0
TCGA-05-4433,82.0,Male,STAGE IB,,23.99973699,0:LIVING,,,23.99973699,0:ALIVE OR DEAD TUMOR FREE,23.99973699,0:CENSORED,0.0,,0.0,0.0,Unknown,Wildtype,,0,1,1,0,0,0,0,0
TCGA-05-4434,67.0,Female,STAGE IV,,15.02449288,1:DECEASED,,,15.02449288,,15.02449288,0:CENSORED,1.0,,,0.0,Unknown,Wildtype,,0,0,0,0,0,0,0,0
TCGA-05-5423,65.0,Male,STAGE IIB,,4.964329158,0:LIVING,,,4.964329158,0:ALIVE OR DEAD TUMOR FREE,4.964329158,0:CENSORED,0.0,,0.0,0.0,Unknown,Rare,L861Q,1,1,0,0,0,0,0,0
TCGA-05-5425,68.0,Male,STAGE IIB,Yes,28.9969425,0:LIVING,,,28.9969425,0:ALIVE OR DEAD TUMOR FREE,15.97790709,1:PROGRESSION,0.0,,0.0,1.0,Unknown,Wildtype,,0,1,0,1,0,0,0,0
TCGA-05-5428,57.0,Male,STAGE IIA,Yes,22.02715587,0:LIVING,22.02715587,0:DiseaseFree,22.02715587,0:ALIVE OR DEAD TUMOR FREE,22.02715587,0:CENSORED,0.0,0.0,0.0,0.0,Unknown,Wildtype,,0,1,0,0,0,0,1,0
TCGA-05-5429,60.0,Male,STAGE IIIA,,9.040996811,1:DECEASED,,,9.040996811,0:ALIVE OR DEAD TUMOR FREE,9.040996811,0:CENSORED,1.0,,0.0,0.0,Unknown,Wildtype,,0,0,0,0,0,0,0,0
TCGA-05-5715,69.0,Female,STAGE IB,,2.038333827,0:LIVING,,,2.038333827,0:ALIVE OR DEAD TUMOR FREE,2.038333827,0:CENSORED,0.0,,0.0,0.0,Unknown,Wildtype,,0,0,0,0,0,0,0,0
TCGA-17-Z000,,,,,,,,,,,,,,,,,Unknown,Wildtype,,0,0,0,0,0,0,0,0
TCGA-17-Z001,,,,,,,,,,,,,,,,,Unknown,Wildtype,,0,1,0,0,1,0,0,0
TCGA-17-Z002,,,,,,,,,,,,,,,,,Unknown,Wildtype,,0,0,0,0,0,0,0,0
TCGA-17-Z003,,,,,,,,,,,,,,,,,Unknown,Wildtype,,0,1,0,0,0,0,0,0
TCGA-17-Z004,,,,,,,,,,,,,,,,,Unknown,Wildtype,,0,0,0,0,0,0,0,0
TCGA-17-Z005,,,,,,,,,,,,,,,,,Unknown,Wildtype,,0,1,0,0,0,0,0,0
TCGA-17-Z007,,,,,,,,,,,,,,,,,Unknown,Wildtype,,0,1,0,0,0,0,0,0
TCGA-17-Z009,,,,,,,,,,,,,,,,,Unknown,Wildtype,,0,0,0,0,0,0,0,0
TCGA-17-Z010,,,,,,,,,,,,,,,,,Unknown,Wildtype,,0,0,1,0,0,0,0,0
TCGA-17-Z011,,,,,,,,,,,,,,,,,Unknown,Wildtype,,0,0,0,0,1,0,0,0
TCGA-17-Z013,,,,,,,,,,,,,,,,,Unknown,Wildtype,,0,0,0,0,0,0,0,0
TCGA-17-Z014,,,,,,,,,,,,,,,,,Unknown,Wildtype,,0,0,1,0,0,0,0,0
TCGA-17-Z015,,,,,,,,,,,,,,,,,Unknown,Wildtype,,0,1,0,0,0,1,0,0
TCGA-17-Z016,,,,,,,,,,,,,,,,,Unknown,Wildtype,,0,0,0,0,0,0,0,0
TCGA-17-Z017,,,,,,,,,,,,,,,,,Unknown,Wildtype,,0,1,1,0,0,0,0,0
TCGA-17-Z018,,,,,,,,,,,,,,,,,Unknown,Wildtype,,0,0,0,0,1,0,0,0
TCGA-17-Z019,,,,,,,,,,,,,,,,,Unknown,Wildtype,,0,0,0,0,0,0,0,0
TCGA-17-Z020,,,,,,,,,,,,,,,,,Unknown,Wildtype,,0,1,1,0,0,0,0,0
TCGA-17-Z021,,,,,,,,,,,,,,,,,Unknown,Wildtype,,0,1,0,0,0,0,0,0
TCGA-17-Z022,,,,,,,,,,,,,,,,,Unknown,Wildtype,,0,1,1,0,0,0,0,0
TCGA-17-Z023,,,,,,,,,,,,,,,,,Unknown,Wildtype,,0,1,0,0,0,0,0,0
TCGA-17-Z025,,,,,,,,,,,,,,,,,Unknown,Wildtype,,0,0,0,0,0,0,0,0
TCGA-17-Z026,,,,,,,,,,,,,,,,,Unknown,Other,Other,1,1,0,0,1,0,0,0
TCGA-17-Z027,,,,,,,,,,,,,,,,,Unknown,Wildtype,,0,1,0,0,0,1,0,0
TCGA-17-Z028,,,,,,,,,,,,,,,,,Unknown,Wildtype,,0,1,0,0,0,1,0,0
TCGA-17-Z030,,,,,,,,,,,,,,,,,Unknown,Wildtype,,0,1,0,0,1,0,0,0
TCGA-17-Z031,,,,,,,,,,,,,,,,,Unknown,Wildtype,,0,1,0,0,0,0,0,0
TCGA-17-Z032,,,,,,,,,,,,,,,,,Unknown,Exon19del,Exon19del,1,0,0,0,0,0,0,0
TCGA-17-Z033,,,,,,,,,,,,,,,,,Unknown,Wildtype,,0,0,1,0,0,0,0,0
TCGA-17-Z036,,,,,,,,,,,,,,,,,Unknown,Wildtype,,0,0,1,0,1,0,0,0
TCGA-17-Z037,,,,,,,,,,,,,,,,,Unknown,Wildtype,,0,1,1,0,0,0,0,0
TCGA-17-Z041,,,,,,,,,,,,,,,,,Unknown,Wildtype,,0,0,0,0,0,0,0,0
TCGA-17-Z042,,,,,,,,,,,,,,,,,Unknown,Wildtype,,0,1,1,0,0,0,0,0
TCGA-17-Z043,,,,,,,,,,,,,,,,,Unknown,Wildtype,,0,1,0,0,1,0,0,0
TCGA-17-Z044,,,,,,,,,,,,,,,,,Unknown,Wildtype,,0,1,0,0,0,1,0,0
TCGA-17-Z045,,,,,,,,,,,,,,,,,Unknown,Wildtype,,0,1,0,0,0,0,0,0
TCGA-17-Z047,,,,,,,,,,,,,,,,,Unknown,L858R,L858R,1,1,0,0,0,0,0,0
TCGA-17-Z048,,,,,,,,,,,,,,,,,Unknown,Rare,Exon20ins,1,0,0,0,0,0,0,0
TCGA-17-Z049,,,,,,,,,,,,,,,,,Unknown,Wildtype,,0,1,0,0,0,0,0,0
TCGA-17-Z050,,,,,,,,,,,,,,,,,Unknown,Wildtype,,0,1,1,0,0,0,0,0
TCGA-17-Z051,,,,,,,,,,,,,,,,,Unknown,Wildtype,,0,0,0,0,0,0,0,0
TCGA-17-Z052,,,,,,,,,,,,,,,,,Unknown,Wildtype,,0,1,0,0,0,0,0,0
TCGA-17-Z053,,,,,,,,,,,,,,,,,Unknown,Wildtype,,0,1,0,0,0,0,0,0
TCGA-17-Z054,,,,,,,,,,,,,,,,,Unknown,Wildtype,,0,0,0,0,0,0,0,0
TCGA-17-Z055,,,,,,,,,,,,,,,,,Unknown,Wildtype,,0,1,0,0,0,1,0,0
TCGA-17-Z056,,,,,,,,,,,,,,,,,Unknown,Wildtype,,0,1,0,0,0,0,0,0
TCGA-17-Z057,,,,,,,,,,,,,,,,,Unknown,Wildtype,,0,1,0,0,0,0,0,0
TCGA-17-Z058,,,,,,,,,,,,,,,,,Unknown,Wildtype,,0,0,0,0,0,0,0,0
TCGA-17-Z059,,,,,,,,,,,,,,,,,Unknown,Wildtype,,0,0,0,0,0,0,0,0
TCGA-17-Z060,,,,,,,,,,,,,,,,,Unknown,Wildtype,,0,0,1,0,0,0,0,0
TCGA-17-Z061,,,,,,,,,,,,,,,,,Unknown,Wildtype,,0,1,0,0,0,0,0,0
TCGA-17-Z062,,,,,,,,,,,,,,,,,Unknown,Wildtype,,0,1,0,0,0,0,0,0
TCGA-35-3615,57.0,Male,STAGE IB,,0.460268929,0:LIVING,,,0.460268929,0:ALIVE OR DEAD TUMOR FREE,0.460268929,0:CENSORED,0.0,,0.0,0.0,Unknown,Wildtype,,0,0,1,1,1,0,0,0
TCGA-35-4122,69.0,Male,STAGE IA,,7.397179209,0:LIVING,,,7.397179209,0:ALIVE OR DEAD TUMOR FREE,7.397179209,0:CENSORED,0.0,,0.0,0.0,Unknown,Wildtype,,0,1,0,0,0,0,0,0
TCGA-35-4123,38.0,Male,STAGE IA,,5.983496071,0:LIVING,,,5.983496071,0:ALIVE OR DEAD TUMOR FREE,5.983496071,0:CENSORED,0.0,,0.0,0.0,Unknown,Wildtype,,0,1,0,0,0,0,0,0
TCGA-35-5375,61.0,Male,STAGE IIIA,,8.679356939,0:LIVING,,,8.679356939,0:ALIVE OR DEAD TUMOR FREE,8.679356939,0:CENSORED,0.0,,0.0,0.0,Unknown,Wildtype,,0,1,0,0,1,0,0,0
TCGA-38-4625,66.0,Female,STAGE IB,No,97.74139462,0:LIVING,97.74139462,0:DiseaseFree,97.74139462,0:ALIVE OR DEAD TUMOR FREE,97.74139462,0:CENSORED,0.0,0.0,0.0,0.0,Unknown,Wildtype,,0,0,0,0,0,0,0,0
TCGA-38-4626,57.0,Female,STAGE IIA,No,120.7877174,0:LIVING,120.7877174,0:DiseaseFree,120.7877174,0:ALIVE OR DEAD TUMOR FREE,82.78265444,1:PROGRESSION,0.0,0.0,0.0,1.0,Unknown,Wildtype,,0,0,0,0,0,0,0,0
TCGA-38-4627,64.0,Female,STAGE IIA,No,37.70917579,1:DECEASED,37.70917579,0:DiseaseFree,37.70917579,,37.70917579,0:CENSORED,1.0,0.0,,0.0,Unknown,L858R,L858R,1,0,0,0,0,0,0,0
TCGA-38-4628,65.0,Female,STAGE IIB,No,49.05151724,1:DECEASED,35.60508926,1:Recurred/Progressed,49.05151724,1:DEAD WITH TUMOR,35.60508926,1:PROGRESSION,1.0,1.0,1.0,1.0,Unknown,Exon19del,Exon19del,1,0,0,0,0,0,0,0
TCGA-38-4631,72.0,Female,STAGE IB,No,11.63822862,1:DECEASED,,,11.63822862,1:DEAD WITH TUMOR,11.63822862,1:PROGRESSION,1.0,,1.0,1.0,Unknown,Wildtype,,0,0,0,0,1,1,0,0
TCGA-38-4632,42.0,Male,STAGE IV,No,44.61320972,1:DECEASED,,,44.61320972,1:DEAD WITH TUMOR,22.35591939,1:PROGRESSION,1.0,,1.0,1.0,Unknown,Wildtype,,0,1,0,0,0,0,0,0
TCGA-38-6178,70.0,Female,STAGE IIIA,No,14.72860571,0:LIVING,,,14.72860571,0:ALIVE OR DEAD TUMOR FREE,14.72860571,0:CENSORED,0.0,,0.0,0.0,Unknown,Exon19del,Exon19del,1,1,0,0,0,0,0,0
TCGA-38-7271,72.0,Female,STAGE IA,No,26.30108163,1:DECEASED,9.99441102,1:Recurred/Progressed,26.30108163,1:DEAD WITH TUMOR,9.99441102,1:PROGRESSION,1.0,1.0,1.0,1.0,Unknown,Wildtype,,0,0,0,0,0,0,0,0
TCGA-38-A44F,80.0,Male,STAGE IB,No,4.372554821,0:LIVING,4.372554821,0:DiseaseFree,4.372554821,0:ALIVE OR DEAD TUMOR FREE,4.372554821,0:CENSORED,0.0,0.0,0.0,0.0,Unknown,Wildtype,,0,0,0,0,0,0,0,0
TCGA-44-2655,65.0,Female,STAGE IA,No,43.5282901,0:LIVING,43.5282901,0:DiseaseFree,43.5282901,0:ALIVE OR DEAD TUMOR FREE,33.17223921,1:PROGRESSION,0.0,0.0,0.0,1.0,Unknown,Wildtype,,0,0,0,0,1,0,0,0
TCGA-44-2656,59.0,Male,STAGE IB,No,46.98030707,0:LIVING,46.98030707,0:DiseaseFree,46.98030707,0:ALIVE OR DEAD TUMOR FREE,18.67376796,1:PROGRESSION,0.0,0.0,0.0,1.0,Unknown,Wildtype,,0,1,0,0,0,0,0,0
TCGA-44-2657,74.0,Female,STAGE IB,No,44.41595161,0:LIVING,44.41595161,0:DiseaseFree,44.41595161,0:ALIVE OR DEAD TUMOR FREE,44.41595161,0:CENSORED,0.0,0.0,0.0,0.0,Unknown,Wildtype,,0,0,0,0,0,1,0,0
TCGA-44-2659,65.0,Female,STAGE IIB,No,44.94197324,0:LIVING,37.67629944,1:Recurred/Progressed,44.94197324,0:ALIVE OR DEAD TUMOR FREE,37.67629944,1:PROGRESSION,0.0,1.0,0.0,1.0,Unknown,Wildtype,,0,1,0,0,0,1,0,0
TCGA-44-2662,65.0,Male,STAGE IB,No,42.08173061,0:LIVING,,,42.08173061,0:ALIVE OR DEAD TUMOR FREE,8.05470625,1:PROGRESSION,0.0,,0.0,1.0,Unknown,Wildtype,,0,1,0,0,0,0,1,0
TCGA-44-2665,55.0,Female,STAGE IIB,No,42.772134,0:LIVING,,,42.772134,0:ALIVE OR DEAD TUMOR FREE,42.772134,0:CENSORED,0.0,,0.0,0.0,Unknown,Wildtype,,0,0,0,0,0,0,0,0
TCGA-44-2666,43.0,Male,STAGE IB,No,3.189006148,1:DECEASED,,,3.189006148,1:DEAD WITH TUMOR,3.189006148,1:PROGRESSION,1.0,,1.0,1.0,Unknown,Wildtype,,0,0,0,0,0,0,1,0
TCGA-44-2668,51.0,Male,STAGE IB,No,25.0189039,1:DECEASED,14.23546043,1:Recurred/Progressed,25.0189039,1:DEAD WITH TUMOR,14.23546043,1:PROGRESSION,1.0,1.0,1.0,1.0,Unknown,Wildtype,,0,1,0,0,0,0,0,1
TCGA-44-3396,74.0,Female,STAGE IIIA,No,37.15027781,0:LIVING,37.15027781,0:DiseaseFree,37.15027781,0:ALIVE OR DEAD TUMOR FREE,37.15027781,0:CENSORED,0.0,0.0,0.0,0.0,Unknown,Wildtype,,0,1,0,0,0,0,0,0
TCGA-44-3398,77.0,Female,STAGE IA,No,38.23519742,0:LIVING,38.23519742,0:DiseaseFree,38.23519742,0:ALIVE OR DEAD TUMOR FREE,38.23519742,0:CENSORED,0.0,0.0,0.0,0.0,Unknown,Wildtype,,0,0,0,0,0,0,0,0
TCGA-44-3917,33.0,Female,STAGE IB,No,38.89272446,0:LIVING,38.89272446,0:DiseaseFree,38.89272446,0:ALIVE OR DEAD TUMOR FREE,38.89272446,0:CENSORED,0.0,0.0,0.0,0.0,Unknown,Wildtype,,0,1,1,0,1,0,0,0
TCGA-44-3918,60.0,Female,STAGE IA,No,34.05990071,0:LIVING,16.79981589,1:Recurred/Progressed,34.05990071,0:ALIVE OR DEAD TUMOR FREE,16.79981589,1:PROGRESSION,0.0,1.0,0.0,1.0,Unknown,Wildtype,,0,1,0,0,0,1,1,0
TCGA-44-3919,71.0,Female,STAGE IA,No,33.73113719,1:DECEASED,30.27912023,1:Recurred/Progressed,33.73113719,1:DEAD WITH TUMOR,30.27912023,1:PROGRESSION,1.0,1.0,1.0,1.0,Unknown,Wildtype,,0,0,0,0,0,0,0,0
TCGA-44-4112,60.0,Female,STAGE IB,No,26.56409245,1:DECEASED,20.35046191,1:Recurred/Progressed,26.56409245,1:DEAD WITH TUMOR,20.35046191,1:PROGRESSION,1.0,1.0,1.0,1.0,Unknown,Wildtype,,0,0,0,0,0,0,0,0
TCGA-44-5643,53.0,Male,STAGE IIIA,Yes,33.30374462,0:LIVING,,,33.30374462,0:ALIVE OR DEAD TUMOR FREE,33.30374462,0:CENSORED,0.0,,0.0,0.0,Unknown,Wildtype,,0,0,0,0,0,0,0,1
TCGA-44-5644,51.0,Female,STAGE IB,No,28.37229181,0:LIVING,28.37229181,0:DiseaseFree,28.37229181,0:ALIVE OR DEAD TUMOR FREE,28.37229181,0:CENSORED,0.0,0.0,0.0,0.0,Unknown,Wildtype,,0,1,0,0,0,1,0,0
TCGA-44-5645,61.0,Female,STAGE IA,No,28.01065194,0:LIVING,28.01065194,0:DiseaseFree,28.01065194,0:ALIVE OR DEAD TUMOR FREE,28.01065194,0:CENSORED,0.0,0.0,0.0,0.0,Unknown,Other,Other,1,1,0,0,0,0,0,1
TCGA-44-6144,58.0,Male,STAGE IA,No,23.76960253,0:LIVING,13.11766446,1:Recurred/Progressed,23.76960253,0:ALIVE OR DEAD TUMOR FREE,13.11766446,1:PROGRESSION,0.0,1.0,0.0,1.0,Unknown,Wildtype,,0,1,1,1,0,1,0,0
TCGA-44-6145,62.0,Female,STAGE IA,No,19.56142946,0:LIVING,19.56142946,0:DiseaseFree,19.56142946,0:ALIVE OR DEAD TUMOR FREE,19.56142946,0:CENSORED,0.0,0.0,0.0,0.0,Unknown,Wildtype,,0,1,1,0,0,0,0,0
TCGA-44-6146,64.0,Male,STAGE IIB,No,23.93398429,0:LIVING,20.74497814,1:Recurred/Progressed,23.93398429,0:ALIVE OR DEAD TUMOR FREE,20.74497814,1:PROGRESSION,0.0,1.0,0.0,1.0,Unknown,Wildtype,,0,0,1,0,0,0,0,0
TCGA-44-6148,60.0,Male,STAGE IA,No,23.14495184,0:LIVING,23.14495184,0:DiseaseFree,23.14495184,0:ALIVE OR DEAD TUMOR FREE,23.14495184,0:CENSORED,0.0,0.0,0.0,0.0,Unknown,Wildtype,,0,0,0,0,0,0,0,0
TCGA-44-6774,56.0,Female,STAGE IIIA,Yes,21.63263964,0:LIVING,21.63263964,0:DiseaseFree,21.63263964,0:ALIVE OR DEAD TUMOR FREE,21.63263964,0:CENSORED,0.0,0.0,0.0,0.0,Unknown,Wildtype,,0,1,0,0,0,0,1,0
TCGA-44-6775,72.0,Female,STAGE IB,No,23.17782819,0:LIVING,22.4874248,1:Recurred/Progressed,23.17782819,0:ALIVE OR DEAD TUMOR FREE,22.4874248,1:PROGRESSION,0.0,1.0,0.0,1.0,Unknown,Wildtype,,0,1,0,0,0,1,0,0
TCGA-44-6776,60.0,Female,STAGE IA,No,86.00453694,0:LIVING,86.00453694,0:DiseaseFree,86.00453694,0:ALIVE OR DEAD TUMOR FREE,86.00453694,0:CENSORED,0.0,0.0,0.0,0.0,Unknown,Wildtype,,0,0,1,1,1,0,0,0
TCGA-44-6777,85.0,Female,STAGE IB,Yes,32.44895946,1:DECEASED,32.44895946,0:DiseaseFree,32.44895946,0:ALIVE OR DEAD TUMOR FREE,32.44895946,0:CENSORED,1.0,0.0,0.0,0.0,Unknown,Wildtype,,0,1,0,0,0,0,0,0
TCGA-44-6778,59.0,Male,STAGE IA,No,61.2815202,0:LIVING,61.2815202,0:DiseaseFree,61.2815202,0:ALIVE OR DEAD TUMOR FREE,61.2815202,0:CENSORED,0.0,0.0,0.0,0.0,Unknown,Wildtype,,0,1,0,0,1,0,0,0
TCGA-44-6779,50.0,Female,STAGE IIB,No,16.43817602,1:DECEASED,,,16.43817602,1:DEAD WITH TUMOR,7.627313673,1:PROGRESSION,1.0,,1.0,1.0,Unknown,Wildtype,,0,1,0,1,1,0,0,0
TCGA-44-7659,70.0,Male,STAGE IA,No,22.71755926,0:LIVING,22.71755926,0:DiseaseFree,22.71755926,0:ALIVE OR DEAD TUMOR FREE,22.71755926,0:CENSORED,0.0,0.0,0.0,0.0,Unknown,Wildtype,,0,0,1,0,0,0,0,0
TCGA-44-7660,72.0,Male,STAGE IB,No,19.46280041,0:LIVING,,,19.46280041,0:ALIVE OR DEAD TUMOR FREE,8.317717066,1:PROGRESSION,0.0,,0.0,1.0,Unknown,Wildtype,,0,1,0,0,1,0,0,0
TCGA-44-7661,69.0,Female,STAGE IB,No,18.31212809,1:DECEASED,11.01357793,1:Recurred/Progressed,18.31212809,1:DEAD WITH TUMOR,11.01357793,1:PROGRESSION,1.0,1.0,1.0,1.0,Unknown,Wildtype,,0,1,1,0,0,0,0,0
TCGA-44-7662,61.0,Male,STAGE IB,No,7.167044745,0:LIVING,7.167044745,0:DiseaseFree,7.167044745,0:ALIVE OR DEAD TUMOR FREE,7.167044745,0:CENSORED,0.0,0.0,0.0,0.0,Unknown,Wildtype,,0,1,0,0,0,0,0,0
TCGA-44-7667,49.0,Female,STAGE IIB,No,36.06535819,0:LIVING,36.06535819,0:DiseaseFree,36.06535819,0:ALIVE OR DEAD TUMOR FREE,36.06535819,0:CENSORED,0.0,0.0,0.0,0.0,Unknown,Wildtype,,0,1,0,0,1,1,0,0
TCGA-44-7669,59.0,Male,STAGE IIA,No,18.87102607,1:DECEASED,12.8217773,1:Recurred/Progressed,18.87102607,1:DEAD WITH TUMOR,12.8217773,1:PROGRESSION,1.0,1.0,1.0,1.0,Unknown,Wildtype,,0,1,0,1,1,0,0,0
TCGA-44-7670,47.0,Female,STAGE IIA,No,28.9969425,0:LIVING,28.9969425,0:DiseaseFree,28.9969425,0:ALIVE OR DEAD TUMOR FREE,28.9969425,0:CENSORED,0.0,0.0,0.0,0.0,Unknown,Wildtype,,0,1,0,0,0,0,0,1
TCGA-44-7671,64.0,Male,STAGE IB,No,29.22707696,0:LIVING,29.02981885,1:Recurred/Progressed,29.22707696,0:ALIVE OR DEAD TUMOR FREE,29.02981885,1:PROGRESSION,0.0,1.0,0.0,1.0,Unknown,Wildtype,,0,0,1,1,1,0,0,0
TCGA-44-7672,52.0,Female,STAGE IA,No,23.63809712,0:LIVING,23.63809712,0:DiseaseFree,23.63809712,0:ALIVE OR DEAD TUMOR FREE,23.63809712,0:CENSORED,0.0,0.0,0.0,0.0,Unknown,Wildtype,,0,0,1,0,0,0,0,0
TCGA-44-8117,54.0,Female,STAGE IB,No,12.65739554,0:LIVING,12.65739554,0:DiseaseFree,12.65739554,0:ALIVE OR DEAD TUMOR FREE,12.65739554,0:CENSORED,0.0,0.0,0.0,0.0,Unknown,Wildtype,,0,1,1,0,0,0,0,0
TCGA-44-8119,73.0,Male,STAGE IIB,No,9.369760331,0:LIVING,9.369760331,0:DiseaseFree,9.369760331,0:ALIVE OR DEAD TUMOR FREE,9.369760331,0:CENSORED,0.0,0.0,0.0,0.0,Unknown,Wildtype,,0,0,0,1,0,1,0,0
TCGA-44-8120,58.0,Male,STAGE IB,No,8.54785153,0:LIVING,8.54785153,0:DiseaseFree,8.54785153,0:ALIVE OR DEAD TUMOR FREE,8.54785153,0:CENSORED,0.0,0.0,0.0,0.0,Unknown,Wildtype,,0,1,0,1,0,0,0,0
TCGA-44-A479,73.0,Female,STAGE IB,No,15.97790709,0:LIVING,15.97790709,0:DiseaseFree,15.97790709,0:ALIVE OR DEAD TUMOR FREE,14.36696584,1:PROGRESSION,0.0,0.0,0.0,1.0,Unknown,Wildtype,,0,1,0,1,0,0,0,0
TCGA-44-A47A,78.0,Female,STAGE IB,No,15.32038005,0:LIVING,13.05191176,1:Recurred/Progressed,15.32038005,0:ALIVE OR DEAD TUMOR FREE,13.05191176,1:PROGRESSION,0.0,1.0,0.0,1.0,Unknown,Wildtype,,0,0,1,0,0,0,0,0
TCGA-44-A47B,79.0,Male,STAGE IB,No,9.435513036,0:LIVING,9.435513036,0:DiseaseFree,9.435513036,0:ALIVE OR DEAD TUMOR FREE,9.435513036,0:CENSORED,0.0,0.0,0.0,0.0,Unknown,Wildtype,,0,0,0,0,0,0,0,0
TCGA-44-A47F,74.0,Male,STAGE IIB,No,11.07933064,0:LIVING,11.07933064,0:DiseaseFree,11.07933064,0:ALIVE OR DEAD TUMOR FREE,11.07933064,0:CENSORED,0.0,0.0,0.0,0.0,Unknown,Wildtype,,0,0,1,1,1,0,0,0
TCGA-44-A47G,73.0,Female,STAGE IA,No,11.53959957,0:LIVING,11.53959957,0:DiseaseFree,11.53959957,0:ALIVE OR DEAD TUMOR FREE,11.53959957,0:CENSORED,0.0,0.0,0.0,0.0,Unknown,Wildtype,,0,1,0,0,0,0,0,0
TCGA-44-A4SS,73.0,Male,STAGE IA,No,13.6436861,0:LIVING,13.6436861,0:DiseaseFree,13.6436861,0:ALIVE OR DEAD TUMOR FREE,13.6436861,0:CENSORED,0.0,0.0,0.0,0.0,Unknown,Wildtype,,0,1,0,0,1,0,0,0
TCGA-44-A4SU,67.0,Female,STAGE IA,No,13.44642798,1:DECEASED,8.54785153,1:Recurred/Progressed,13.44642798,1:DEAD WITH TUMOR,8.54785153,1:PROGRESSION,1.0,1.0,1.0,1.0,Unknown,Rare,G719X,1,1,0,0,0,0,0,0
TCGA-49-4486,72.0,Male,STAGE IA,No,76.20738403,1:DECEASED,67.23213992,1:Recurred/Progressed,76.20738403,1:DEAD WITH TUMOR,67.23213992,1:PROGRESSION,1.0,1.0,1.0,1.0,Unknown,Wildtype,,0,0,0,0,1,0,0,0
TCGA-49-4487,72.0,Female,STAGE IA,Yes,28.10928099,1:DECEASED,22.91481737,1:Recurred/Progressed,28.10928099,1:DEAD WITH TUMOR,22.91481737,1:PROGRESSION,1.0,1.0,1.0,1.0,Unknown,Wildtype,,0,1,0,1,0,0,0,0
TCGA-49-4488,74.0,Female,STAGE IA,No,28.56954992,1:DECEASED,,,28.56954992,,20.84360719,1:PROGRESSION,1.0,,,1.0,Unknown,Wildtype,,0,1,0,0,1,1,0,0
TCGA-49-4490,45.0,Female,STAGE IIIA,Yes,12.65739554,1:DECEASED,,,12.65739554,1:DEAD WITH TUMOR,12.65739554,1:PROGRESSION,1.0,,1.0,1.0,Unknown,L858R,L858R,1,1,0,0,0,0,0,0
TCGA-49-4494,77.0,Male,STAGE IIIA,,35.53933656,1:DECEASED,,,35.53933656,1:DEAD WITH TUMOR,35.53933656,1:PROGRESSION,1.0,,1.0,1.0,Unknown,Rare,T790M,1,0,0,0,0,0,0,0
TCGA-49-4501,67.0,Female,STAGE IB,No,46.71729625,1:DECEASED,17.91761186,1:Recurred/Progressed,46.71729625,1:DEAD WITH TUMOR,17.91761186,1:PROGRESSION,1.0,1.0,1.0,1.0,Unknown,Exon19del,Exon19del,1,0,0,0,0,0,0,0
TCGA-49-4505,61.0,Female,STAGE IIB,No,14.07107867,1:DECEASED,13.7094388,1:Recurred/Progressed,14.07107867,1:DEAD WITH TUMOR,13.7094388,1:PROGRESSION,1.0,1.0,1.0,1.0,Unknown,Wildtype,,0,1,1,0,0,0,0,0
TCGA-49-4506,68.0,Female,STAGE IIB,Yes,32.84347569,1:DECEASED,22.75043561,1:Recurred/Progressed,32.84347569,,22.75043561,1:PROGRESSION,1.0,1.0,,1.0,Unknown,Wildtype,,0,0,1,0,1,0,0,0
TCGA-49-4507,73.0,Female,STAGE IIIA,Yes,8.810862347,1:DECEASED,,,8.810862347,1:DEAD WITH TUMOR,5.194463622,1:PROGRESSION,1.0,,1.0,1.0,Unknown,Wildtype,,0,0,0,1,1,0,0,0
TCGA-49-4510,51.0,Female,STAGE IIB,Yes,29.45721143,1:DECEASED,,,29.45721143,1:DEAD WITH TUMOR,16.50392872,1:PROGRESSION,1.0,,1.0,1.0,Unknown,Wildtype,,0,0,1,0,0,0,0,0
TCGA-49-4512,69.0,Female,STAGE IIIA,No,29.7530986,1:DECEASED,,,29.7530986,1:DEAD WITH TUMOR,29.7530986,1:PROGRESSION,1.0,,1.0,1.0,Unknown,Wildtype,,0,0,0,0,0,0,0,0
TCGA-49-4514,79.0,Female,STAGE IA,No,55.88979847,0:LIVING,55.88979847,0:DiseaseFree,55.88979847,0:ALIVE OR DEAD TUMOR FREE,55.88979847,0:CENSORED,0.0,0.0,0.0,0.0,Unknown,Wildtype,,0,1,0,0,1,0,0,0
TCGA-49-6742,70.0,Male,STAGE IIA,No,16.0436598,1:DECEASED,,,16.0436598,1:DEAD WITH TUMOR,7.035539337,1:PROGRESSION,1.0,,1.0,1.0,Unknown,Wildtype,,0,0,0,0,1,0,0,0
TCGA-49-6743,81.0,Female,STAGE IIIA,No,53.29256666,0:LIVING,53.29256666,0:DiseaseFree,53.29256666,0:ALIVE OR DEAD TUMOR FREE,53.29256666,0:CENSORED,0.0,0.0,0.0,0.0,Unknown,Wildtype,,0,0,0,0,1,0,0,1
TCGA-49-6744,64.0,Female,STAGE IIA,No,55.33090048,0:LIVING,55.33090048,0:DiseaseFree,55.33090048,0:ALIVE OR DEAD TUMOR FREE,55.33090048,0:CENSORED,0.0,0.0,0.0,0.0,Unknown,Wildtype,,0,0,0,0,0,0,0,0
TCGA-49-6745,82.0,Male,STAGE IIIA,No,17.16145577,0:LIVING,,,17.16145577,0:ALIVE OR DEAD TUMOR FREE,17.16145577,0:CENSORED,0.0,,0.0,0.0,Unknown,Wildtype,,0,0,0,0,0,0,0,0
TCGA-49-6761,68.0,Female,STAGE IIIA,No,11.63822862,0:LIVING,11.63822862,0:DiseaseFree,11.63822862,0:ALIVE OR DEAD TUMOR FREE,11.63822862,0:CENSORED,0.0,0.0,0.0,0.0,Unknown,Wildtype,,0,0,0,0,0,0,0,0
TCGA-49-6767,46.0,Female,STAGE IIB,,22.25729033,0:LIVING,,,22.25729033,0:ALIVE OR DEAD TUMOR FREE,22.25729033,0:CENSORED,0.0,,0.0,0.0,Unknown,Wildtype,,0,1,0,0,0,1,0,0
TCGA-49-AAQV,63.0,Female,STAGE II,No,22.25729033,1:DECEASED,16.73406319,1:Recurred/Progressed,22.25729033,0:ALIVE OR DEAD TUMOR FREE,16.73406319,1:PROGRESSION,1.0,1.0,0.0,1.0,Unknown,Wildtype,,0,1,0,0,0,0,0,0
TCGA-49-AAR0,57.0,Male,STAGE IA,No,156.6558175,0:LIVING,156.6558175,0:DiseaseFree,156.6558175,0:ALIVE OR DEAD TUMOR FREE,156.6558175,0:CENSORED,0.0,0.0,0.0,0.0,Unknown,Wildtype,,0,1,0,1,1,0,0,0
TCGA-49-AAR2,64.0,Male,STAGE IB,No,73.11700694,0:LIVING,73.11700694,0:DiseaseFree,73.11700694,0:ALIVE OR DEAD TUMOR FREE,73.11700694,0:CENSORED,0.0,0.0,0.0,0.0,Unknown,Wildtype,,0,0,0,0,1,0,0,0
TCGA-49-AAR3,69.0,Male,STAGE IIB,No,62.23493441,0:LIVING,62.23493441,1:Recurred/Progressed,62.23493441,0:ALIVE OR DEAD TUMOR FREE,62.23493441,1:PROGRESSION,0.0,1.0,0.0,1.0,Unknown,Wildtype,,0,1,0,0,1,1,0,0
TCGA-49-AAR4,51.0,Male,STAGE IIIA,Yes,28.89831344,1:DECEASED,,,28.89831344,1:DEAD WITH TUMOR,28.89831344,1:PROGRESSION,1.0,,1.0,1.0,Unknown,Wildtype,,0,1,0,0,0,0,0,0
TCGA-49-AAR9,61.0,Male,STAGE IIB,No,8.54785153,1:DECEASED,,,8.54785153,1:DEAD WITH TUMOR,8.54785153,1:PROGRESSION,1.0,,1.0,1.0,Unknown,Wildtype,,0,1,0,0,1,0,0,0
TCGA-49-AARE,51.0,Female,STAGE IA,No,40.40503666,1:DECEASED,12.75602459,1:Recurred/Progressed,40.40503666,1:DEAD WITH TUMOR,12.75602459,1:PROGRESSION,1.0,1.0,1.0,1.0,Unknown,Wildtype,,0,1,0,0,1,0,0,0
TCGA-49-AARN,56.0,Female,STAGE IA,No,37.31465957,1:DECEASED,37.31465957,0:DiseaseFree,37.31465957,,37.31465957,0:CENSORED,1.0,0.0,,0.0,Unknown,Wildtype,,0,1,0,0,0,0,1,0
TCGA-49-AARO,39.0,Female,STAGE IA,Yes,123.5822073,0:LIVING,37.61054673,1:Recurred/Progressed,123.5822073,0:ALIVE OR DEAD TUMOR FREE,37.61054673,1:PROGRESSION,0.0,1.0,0.0,1.0,Unknown,Wildtype,,0,0,1,0,0,1,0,0
TCGA-49-AARQ,41.0,Female,STAGE I,No,221.3236019,0:LIVING,221.3236019,0:DiseaseFree,221.3236019,0:ALIVE OR DEAD TUMOR FREE,221.3236019,0:CENSORED,0.0,0.0,0.0,0.0,Unknown,Wildtype,,0,1,1,0,0,0,0,0
TCGA-49-AARR,68.0,Male,STAGE IA,No,164.1187494,0:LIVING,158.201006,1:Recurred/Progressed,164.1187494,0:ALIVE OR DEAD TUMOR FREE,36.13111089,1:PROGRESSION,0.0,1.0,0.0,1.0,Unknown,Wildtype,,0,0,0,0,0,0,0,0
TCGA-4B-A93V,52.0,Female,STAGE IA,Yes,9.862905612,1:DECEASED,,,9.862905612,1:DEAD WITH TUMOR,8.251964362,1:PROGRESSION,1.0,,1.0,1.0,Unknown,Wildtype,,0,1,1,1,1,0,0,0
TCGA-50-5044,72.0,Female,STAGE IIIB,Yes,20.51484367,1:DECEASED,,,20.51484367,1:DEAD WITH TUMOR,15.87927804,1:PROGRESSION,1.0,,1.0,1.0,Unknown,Wildtype,,0,0,0,0,0,0,1,1
TCGA-50-5045,57.0,Female,STAGE IA,Yes,71.47318934,1:DECEASED,,,71.47318934,1:DEAD WITH TUMOR,47.11181247,1:PROGRESSION,1.0,,1.0,1.0,Unknown,Wildtype,,0,1,0,0,0,1,0,0
TCGA-50-5049,70.0,Male,STAGE IA,Yes,101.7194332,0:LIVING,,,101.7194332,0:ALIVE OR DEAD TUMOR FREE,51.55012,1:PROGRESSION,0.0,,0.0,1.0,Unknown,Wildtype,,0,1,0,0,0,0,0,0
TCGA-50-5051,42.0,Female,STAGE IIIA,Yes,15.71489628,1:DECEASED,,,15.71489628,1:DEAD WITH TUMOR,6.049248775,1:PROGRESSION,1.0,,1.0,1.0,Unknown,Wildtype,,0,0,1,0,1,0,0,0
TCGA-50-5055,79.0,Female,STAGE IIA,No,60.16372423,1:DECEASED,,,60.16372423,1:DEAD WITH TUMOR,25.34766742,1:PROGRESSION,1.0,,1.0,1.0,Unknown,Wildtype,,0,0,0,0,0,0,0,0
TCGA-50-5066,72.0,Male,STAGE IB,No,47.40769964,0:LIVING,15.68201992,1:Recurred/Progressed,47.40769964,0:ALIVE OR DEAD TUMOR FREE,15.68201992,1:PROGRESSION,0.0,1.0,0.0,1.0,Unknown,Other,Other,1,1,0,0,0,0,0,0
TCGA-50-5068,59.0,Female,STAGE IIB,No,49.28165171,1:DECEASED,,,49.28165171,1:DEAD WITH TUMOR,22.5531775,1:PROGRESSION,1.0,,1.0,1.0,Unknown,Wildtype,,0,1,0,0,1,1,0,0
TCGA-50-5072,74.0,Male,STAGE IIIA,Yes,8.21908801,1:DECEASED,,,8.21908801,1:DEAD WITH TUMOR,7.002662985,1:PROGRESSION,1.0,,1.0,1.0,Unknown,Wildtype,,0,0,0,1,0,1,0,0
TCGA-50-5930,47.0,Male,STAGE IIIA,Yes,9.271131275,1:DECEASED,,,9.271131275,1:DEAD WITH TUMOR,5.819114311,1:PROGRESSION,1.0,,1.0,1.0,Unknown,Wildtype,,0,1,0,0,0,0,1,0
TCGA-50-5931,75.0,Female,STAGE IB,No,14.26833679,1:DECEASED,,,14.26833679,1:DEAD WITH TUMOR,13.97244962,1:PROGRESSION,1.0,,1.0,1.0,Unknown,Wildtype,,0,1,0,0,0,0,0,0
TCGA-50-5932,75.0,Male,STAGE IIB,No,40.60229477,1:DECEASED,,,40.60229477,1:DEAD WITH TUMOR,35.83522372,1:PROGRESSION,1.0,,1.0,1.0,Unknown,Wildtype,,0,0,1,0,0,0,0,0
TCGA-50-5933,72.0,Male,STAGE IIIB,Yes,78.67311043,1:DECEASED,78.67311043,0:DiseaseFree,78.67311043,0:ALIVE OR DEAD TUMOR FREE,78.67311043,0:CENSORED,1.0,0.0,0.0,0.0,Unknown,Wildtype,,0,1,1,0,0,0,0,0
TCGA-50-5935,86.0,Female,STAGE IA,Yes,21.46825788,1:DECEASED,21.46825788,0:DiseaseFree,21.46825788,0:ALIVE OR DEAD TUMOR FREE,21.46825788,0:CENSORED,1.0,0.0,0.0,0.0,Unknown,Wildtype,,0,0,0,0,0,0,0,0
TCGA-50-5936,58.0,Male,STAGE IIIA,No,8.449222474,1:DECEASED,,,8.449222474,1:DEAD WITH TUMOR,4.931452806,1:PROGRESSION,1.0,,1.0,1.0,Unknown,Wildtype,,0,0,1,0,1,0,0,0
TCGA-50-5939,85.0,Male,STAGE IB,No,15.12312194,1:DECEASED,15.12312194,0:DiseaseFree,15.12312194,0:ALIVE OR DEAD TUMOR FREE,15.12312194,0:CENSORED,1.0,0.0,0.0,0.0,Unknown,Wildtype,,0,1,0,1,1,0,0,0
TCGA-50-5941,55.0,Female,STAGE IIIA,No,48.45974291,0:LIVING,48.45974291,0:DiseaseFree,48.45974291,0:ALIVE OR DEAD TUMOR FREE,48.45974291,0:CENSORED,0.0,0.0,0.0,0.0,Unknown,Wildtype,,0,0,1,0,0,0,0,0
TCGA-50-5942,67.0,Female,STAGE IA,Yes,60.72262222,0:LIVING,,,60.72262222,0:ALIVE OR DEAD TUMOR FREE,45.30361311,1:PROGRESSION,0.0,,0.0,1.0,Unknown,Wildtype,,0,0,0,0,0,0,1,0
TCGA-50-5944,69.0,Female,STAGE IA,No,57.53361607,0:LIVING,57.53361607,0:DiseaseFree,57.53361607,0:ALIVE OR DEAD TUMOR FREE,57.53361607,0:CENSORED,0.0,0.0,0.0,0.0,Unknown,L858R,L858R,1,1,0,0,0,0,0,0
TCGA-50-5946,62.0,Male,STAGE IA,No,53.16106125,0:LIVING,,,53.16106125,0:ALIVE OR DEAD TUMOR FREE,7.265673801,1:PROGRESSION,0.0,,0.0,1.0,Unknown,Wildtype,,0,1,0,0,0,1,1,0
TCGA-50-6590,72.0,Female,STAGE IB,No,42.34474143,1:DECEASED,42.34474143,0:DiseaseFree,42.34474143,0:ALIVE OR DEAD TUMOR FREE,42.34474143,0:CENSORED,1.0,0.0,0.0,0.0,Unknown,Wildtype,,0,1,0,0,0,0,0,1
TCGA-50-6591,63.0,Female,STAGE IV,No,3.912285893,1:DECEASED,,,3.912285893,1:DEAD WITH TUMOR,3.912285893,1:PROGRESSION,1.0,,1.0,1.0,Unknown,Other,Other,1,1,0,0,0,0,0,0
TCGA-50-6592,71.0,Female,STAGE IB,Yes,25.54492554,1:DECEASED,,,25.54492554,1:DEAD WITH TUMOR,25.54492554,1:PROGRESSION,1.0,,1.0,1.0,Unknown,Wildtype,,0,1,0,0,0,0,0,1
TCGA-50-6593,49.0,Female,STAGE IIIA,Yes,11.04645429,1:DECEASED,,,11.04645429,1:DEAD WITH TUMOR,8.745109643,1:PROGRESSION,1.0,,1.0,1.0,Unknown,Wildtype,,0,1,0,0,0,1,0,0
TCGA-50-6594,79.0,Female,STAGE IIIA,No,12.16425026,1:DECEASED,,,12.16425026,1:DEAD WITH TUMOR,9.369760331,1:PROGRESSION,1.0,,1.0,1.0,Unknown,Wildtype,,0,1,0,0,0,0,1,0
TCGA-50-6595,74.0,Female,STAGE IIIA,Yes,6.213630536,1:DECEASED,,,6.213630536,1:DEAD WITH TUMOR,5.983496071,1:PROGRESSION,1.0,,1.0,1.0,Unknown,Rare,G719X,1,1,0,0,0,0,0,0
TCGA-50-6597,79.0,Female,STAGE IB,No,41.68721439,1:DECEASED,,,41.68721439,0:ALIVE OR DEAD TUMOR FREE,41.68721439,0:CENSORED,1.0,,0.0,0.0,Unknown,Wildtype,,0,0,0,0,0,0,0,0
TCGA-50-6673,84.0,Female,STAGE I,Yes,0.723279745,1:DECEASED,,,0.723279745,,0.723279745,0:CENSORED,1.0,,,0.0,Unknown,Other,Other,1,1,0,0,0,0,0,0
TCGA-50-7109,60.0,Male,STAGE IA,No,10.12591643,1:DECEASED,,,10.12591643,1:DEAD WITH TUMOR,0.493145281,1:PROGRESSION,1.0,,1.0,1.0,Unknown,Wildtype,,0,0,1,1,0,0,0,0
TCGA-50-8457,63.0,Female,STAGE IA,No,36.98589605,0:LIVING,36.98589605,0:DiseaseFree,36.98589605,0:ALIVE OR DEAD TUMOR FREE,36.98589605,0:CENSORED,0.0,0.0,0.0,0.0,Unknown,Wildtype,,0,0,0,0,0,1,0,0
TCGA-50-8459,68.0,Male,STAGE IIB,No,36.78863793,0:LIVING,,,36.78863793,0:ALIVE OR DEAD TUMOR FREE,14.20258408,1:PROGRESSION,0.0,,0.0,1.0,Unknown,Wildtype,,0,0,1,0,0,0,0,0
TCGA-50-8460,74.0,Male,STAGE IA,Yes,27.25449584,0:LIVING,27.25449584,0:DiseaseFree,27.25449584,0:ALIVE OR DEAD TUMOR FREE,27.25449584,0:CENSORED,0.0,0.0,0.0,0.0,Unknown,Wildtype,,0,1,0,0,0,0,0,0
TCGA-53-7624,40.0,Female,STAGE IV,No,34.29003518,1:DECEASED,,,34.29003518,1:DEAD WITH TUMOR,13.15054082,1:PROGRESSION,1.0,,1.0,1.0,Unknown,Wildtype,,0,1,0,0,1,0,0,0
TCGA-53-7626,76.0,Female,STAGE IIA,No,30.54213105,1:DECEASED,,,30.54213105,1:DEAD WITH TUMOR,28.43804452,1:PROGRESSION,1.0,,1.0,1.0,Unknown,Wildtype,,0,1,0,0,0,0,0,0
TCGA-53-7813,51.0,Female,STAGE IIIB,No,13.93957327,0:LIVING,,,13.93957327,0:ALIVE OR DEAD TUMOR FREE,13.93957327,0:CENSORED,0.0,,0.0,0.0,Unknown,Wildtype,,0,0,1,1,0,0,0,0
TCGA-53-A4EZ,63.0,Male,STAGE IIA,Yes,35.21057304,0:LIVING,,,35.21057304,0:ALIVE OR DEAD TUMOR FREE,35.21057304,0:CENSORED,0.0,,0.0,0.0,Unknown,Wildtype,,0,1,0,0,1,0,1,0
TCGA-55-1592,65.0,Male,STAGE IA,No,23.04632278,1:DECEASED,14.86011112,1:Recurred/Progressed,23.04632278,1:DEAD WITH TUMOR,14.86011112,1:PROGRESSION,1.0,1.0,1.0,1.0,Unknown,Wildtype,,0,1,0,0,0,1,0,0
TCGA-55-1594,68.0,Male,STAGE IIIA,,38.7283427,0:LIVING,,,38.7283427,0:ALIVE OR DEAD TUMOR FREE,38.7283427,0:CENSORED,0.0,,0.0,0.0,Unknown,Wildtype,,0,1,0,0,0,0,0,0
TCGA-55-1595,74.0,Female,STAGE IA,No,48.62412467,0:LIVING,48.62412467,0:DiseaseFree,48.62412467,0:ALIVE OR DEAD TUMOR FREE,48.62412467,0:CENSORED,0.0,0.0,0.0,0.0,Unknown,Wildtype,,0,0,1,0,0,0,0,0
TCGA-55-1596,55.0,Male,STAGE IIB,No,67.88966696,0:LIVING,67.88966696,0:DiseaseFree,67.88966696,0:ALIVE OR DEAD TUMOR FREE,67.88966696,0:CENSORED,0.0,0.0,0.0,0.0,Unknown,Wildtype,,0,1,0,1,0,0,0,0
TCGA-55-5899,58.0,Male,STAGE IA,No,30.5750074,0:LIVING,30.5750074,0:DiseaseFree,30.5750074,0:ALIVE OR DEAD TUMOR FREE,30.5750074,0:CENSORED,0.0,0.0,0.0,0.0,Unknown,Wildtype,,0,1,0,0,1,0,0,0
TCGA-55-6543,60.0,Female,STAGE IA,No,14.30121314,0:LIVING,14.30121314,0:DiseaseFree,14.30121314,0:ALIVE OR DEAD TUMOR FREE,14.30121314,0:CENSORED,0.0,0.0,0.0,0.0,Unknown,Wildtype,,0,0,0,0,0,0,0,0
TCGA-55-6642,63.0,Male,STAGE IB,No,80.51418615,0:LIVING,80.51418615,0:DiseaseFree,80.51418615,0:ALIVE OR DEAD TUMOR FREE,80.51418615,0:CENSORED,0.0,0.0,0.0,0.0,Unknown,Wildtype,,0,0,1,0,0,0,0,0
TCGA-55-6712,71.0,Male,STAGE IIA,No,5.621856199,1:DECEASED,,,5.621856199,1:DEAD WITH TUMOR,5.621856199,1:PROGRESSION,1.0,,1.0,1.0,Unknown,Wildtype,,0,1,0,0,0,0,0,0
TCGA-55-6968,61.0,Male,STAGE IV,Yes,42.50912319,1:DECEASED,,,42.50912319,1:DEAD WITH TUMOR,42.50912319,1:PROGRESSION,1.0,,1.0,1.0,Unknown,Other,Other,1,1,0,0,0,0,1,0
TCGA-55-6969,52.0,Male,STAGE IB,,40.73380018,0:LIVING,,,40.73380018,0:ALIVE OR DEAD TUMOR FREE,40.73380018,0:CENSORED,0.0,,0.0,0.0,Unknown,Wildtype,,0,1,0,0,0,0,0,0
TCGA-55-6970,67.0,Female,STAGE IIIA,Yes,15.25462735,1:DECEASED,,,15.25462735,1:DEAD WITH TUMOR,15.02449288,1:PROGRESSION,1.0,,1.0,1.0,Unknown,Wildtype,,0,0,1,1,1,0,0,0
TCGA-55-6971,59.0,Female,STAGE IB,No,46.02689286,0:LIVING,46.02689286,0:DiseaseFree,46.02689286,0:ALIVE OR DEAD TUMOR FREE,46.02689286,0:CENSORED,0.0,0.0,0.0,0.0,Unknown,Wildtype,,0,0,0,0,0,1,0,0
TCGA-55-6972,72.0,Male,STAGE IB,No,53.65420653,1:DECEASED,53.65420653,0:DiseaseFree,53.65420653,0:ALIVE OR DEAD TUMOR FREE,53.65420653,0:CENSORED,1.0,0.0,0.0,0.0,Unknown,Wildtype,,0,0,0,0,1,0,0,0
TCGA-55-6975,61.0,Male,STAGE IIB,No,3.879409541,1:DECEASED,,,3.879409541,1:DEAD WITH TUMOR,3.879409541,1:PROGRESSION,1.0,,1.0,1.0,Unknown,Wildtype,,0,1,1,0,0,1,0,0
TCGA-55-6978,81.0,Male,STAGE IIA,No,5.786237959,1:DECEASED,,,5.786237959,1:DEAD WITH TUMOR,1.380806786,1:PROGRESSION,1.0,,1.0,1.0,Unknown,Wildtype,,0,0,0,0,0,0,0,0
TCGA-55-6979,59.0,Female,STAGE IIB,No,7.791695434,1:DECEASED,,,7.791695434,1:DEAD WITH TUMOR,6.410888648,1:PROGRESSION,1.0,,1.0,1.0,Unknown,Wildtype,,0,1,0,0,0,0,1,0
TCGA-55-6980,56.0,Male,STAGE IA,No,69.33622645,0:LIVING,69.33622645,0:DiseaseFree,69.33622645,0:ALIVE OR DEAD TUMOR FREE,69.33622645,0:CENSORED,0.0,0.0,0.0,0.0,Unknown,Other,Other,1,1,0,0,0,0,0,0
TCGA-55-6981,53.0,Female,STAGE IIIA,Yes,45.33648946,1:DECEASED,45.33648946,0:DiseaseFree,45.33648946,0:ALIVE OR DEAD TUMOR FREE,45.33648946,0:CENSORED,1.0,0.0,0.0,0.0,Unknown,Exon19del,Exon19del,1,0,0,0,0,0,0,0
TCGA-55-6982,79.0,Female,STAGE IIB,No,32.71197028,1:DECEASED,,,32.71197028,1:DEAD WITH TUMOR,6.016372423,1:PROGRESSION,1.0,,1.0,1.0,Unknown,Wildtype,,0,0,0,0,0,0,0,0
TCGA-55-6983,81.0,Male,STAGE IIB,No,92.80994181,0:LIVING,92.80994181,0:DiseaseFree,92.80994181,0:ALIVE OR DEAD TUMOR FREE,92.80994181,0:CENSORED,0.0,0.0,0.0,0.0,Unknown,Wildtype,,0,0,1,0,0,0,0,0
TCGA-55-6984,71.0,Female,STAGE IIB,No,24.98602755,1:DECEASED,23.80247888,1:Recurred/Progressed,24.98602755,1:DEAD WITH TUMOR,23.80247888,1:PROGRESSION,1.0,1.0,1.0,1.0,Unknown,Wildtype,,0,0,1,0,0,0,0,0
TCGA-55-6985,58.0,Female,STAGE IB,No,40.53654207,0:LIVING,40.53654207,0:DiseaseFree,40.53654207,0:ALIVE OR DEAD TUMOR FREE,40.53654207,0:CENSORED,0.0,0.0,0.0,0.0,Unknown,Wildtype,,0,1,0,0,0,0,0,0
TCGA-55-6986,74.0,Female,STAGE IB,No,107.209784,0:LIVING,107.209784,0:DiseaseFree,107.209784,0:ALIVE OR DEAD TUMOR FREE,107.209784,0:CENSORED,0.0,0.0,0.0,0.0,Unknown,Wildtype,,0,0,0,0,0,0,0,0
TCGA-55-6987,77.0,Male,STAGE IA,No,70.25676431,0:LIVING,70.25676431,0:DiseaseFree,70.25676431,0:ALIVE OR DEAD TUMOR FREE,70.25676431,0:CENSORED,0.0,0.0,0.0,0.0,Unknown,Wildtype,,0,0,0,0,1,0,0,0
TCGA-55-7227,77.0,Male,STAGE IIIA,No,31.29828714,1:DECEASED,8.38346977,1:Recurred/Progressed,31.29828714,1:DEAD WITH TUMOR,8.38346977,1:PROGRESSION,1.0,1.0,1.0,1.0,Unknown,Wildtype,,0,1,0,0,0,0,0,0
TCGA-55-7281,70.0,Female,STAGE IA,No,28.66817898,0:LIVING,11.14508334,1:Recurred/Progressed,28.66817898,0:ALIVE OR DEAD TUMOR FREE,11.14508334,1:PROGRESSION,0.0,1.0,0.0,1.0,Unknown,Wildtype,,0,0,1,0,0,0,0,0
TCGA-55-7283,76.0,Female,STAGE IIIA,No,20.02169839,0:LIVING,,,20.02169839,0:ALIVE OR DEAD TUMOR FREE,20.02169839,0:CENSORED,0.0,,0.0,0.0,Unknown,Wildtype,,0,1,1,0,0,0,0,0
TCGA-55-7284,74.0,Male,STAGE IIB,No,7.988953546,1:DECEASED,7.594437321,1:Recurred/Progressed,7.988953546,1:DEAD WITH TUMOR,7.594437321,1:PROGRESSION,1.0,1.0,1.0,1.0,Unknown,Wildtype,,0,0,1,0,0,0,0,0
TCGA-55-7570,60.0,Male,STAGE IA,No,27.09011408,0:LIVING,27.09011408,0:DiseaseFree,27.09011408,0:ALIVE OR DEAD TUMOR FREE,27.09011408,0:CENSORED,0.0,0.0,0.0,0.0,Unknown,Other,Other,1,1,0,0,0,0,0,0
TCGA-55-7573,72.0,Female,STAGE IA,No,16.01078344,0:LIVING,16.01078344,0:DiseaseFree,16.01078344,0:ALIVE OR DEAD TUMOR FREE,16.01078344,0:CENSORED,0.0,0.0,0.0,0.0,Unknown,Exon19del,Exon19del,1,1,0,0,0,0,0,0
TCGA-55-7574,64.0,Female,STAGE IB,Yes,32.71197028,1:DECEASED,15.71489628,1:Recurred/Progressed,32.71197028,1:DEAD WITH TUMOR,15.71489628,1:PROGRESSION,1.0,1.0,1.0,1.0,Unknown,Wildtype,,0,1,0,1,0,0,0,1
TCGA-55-7576,54.0,Male,STAGE IB,No,22.02715587,0:LIVING,22.02715587,0:DiseaseFree,22.02715587,0:ALIVE OR DEAD TUMOR FREE,22.02715587,0:CENSORED,0.0,0.0,0.0,0.0,Unknown,Wildtype,,0,1,1,0,0,0,0,0
TCGA-55-7724,76.0,Female,STAGE IB,No,23.17782819,0:LIVING,23.17782819,0:DiseaseFree,23.17782819,0:ALIVE OR DEAD TUMOR FREE,23.17782819,0:CENSORED,0.0,0.0,0.0,0.0,Unknown,Wildtype,,0,0,0,0,0,0,0,1
TCGA-55-7725,68.0,Female,STAGE IA,No,14.5313476,0:LIVING,14.5313476,0:DiseaseFree,14.5313476,0:ALIVE OR DEAD TUMOR FREE,14.5313476,0:CENSORED,0.0,0.0,0.0,0.0,Unknown,Wildtype,,0,0,1,0,0,0,0,0
TCGA-55-7726,72.0,Female,STAGE IA,No,21.43538153,0:LIVING,21.43538153,0:DiseaseFree,21.43538153,0:ALIVE OR DEAD TUMOR FREE,21.43538153,0:CENSORED,0.0,0.0,0.0,0.0,Unknown,Wildtype,,0,1,1,0,0,0,0,0
TCGA-55-7727,70.0,Male,STAGE IIIA,No,3.912285893,0:LIVING,3.912285893,0:DiseaseFree,3.912285893,0:ALIVE OR DEAD TUMOR FREE,3.912285893,0:CENSORED,0.0,0.0,0.0,0.0,Unknown,Wildtype,,0,1,0,0,0,0,0,0
TCGA-55-7728,64.0,Female,STAGE IB,No,23.14495184,0:LIVING,23.14495184,0:DiseaseFree,23.14495184,0:ALIVE OR DEAD TUMOR FREE,23.14495184,0:CENSORED,0.0,0.0,0.0,0.0,Unknown,Wildtype,,0,0,1,0,0,0,0,0
TCGA-55-7815,76.0,Male,STAGE IB,No,25.41342013,0:LIVING,15.32038005,1:Recurred/Progressed,25.41342013,0:ALIVE OR DEAD TUMOR FREE,15.32038005,1:PROGRESSION,0.0,1.0,0.0,1.0,Unknown,Wildtype,,0,0,1,0,1,0,0,0
TCGA-55-7816,49.0,Female,STAGE IV,No,15.38613276,1:DECEASED,,,15.38613276,1:DEAD WITH TUMOR,15.38613276,1:PROGRESSION,1.0,,1.0,1.0,Unknown,Wildtype,,0,0,0,0,0,0,0,0
TCGA-55-7903,64.0,Male,STAGE IA,No,18.64089161,0:LIVING,18.64089161,0:DiseaseFree,18.64089161,0:ALIVE OR DEAD TUMOR FREE,18.64089161,0:CENSORED,0.0,0.0,0.0,0.0,Unknown,Wildtype,,0,1,0,0,0,0,1,0
TCGA-55-7907,77.0,Male,STAGE IIA,No,11.27658875,1:DECEASED,9.6656475,1:Recurred/Progressed,11.27658875,1:DEAD WITH TUMOR,9.6656475,1:PROGRESSION,1.0,1.0,1.0,1.0,Unknown,Wildtype,,0,1,1,0,0,1,0,0
TCGA-55-7910,50.0,Female,STAGE IIA,No,34.19140612,0:LIVING,33.46812638,1:Recurred/Progressed,34.19140612,0:ALIVE OR DEAD TUMOR FREE,33.46812638,1:PROGRESSION,0.0,1.0,0.0,1.0,Unknown,Wildtype,,0,1,1,0,0,0,0,0
TCGA-55-7911,70.0,Female,STAGE IA,No,17.65460105,0:LIVING,17.65460105,0:DiseaseFree,17.65460105,0:ALIVE OR DEAD TUMOR FREE,16.9313213,1:PROGRESSION,0.0,0.0,0.0,1.0,Unknown,Wildtype,,0,1,1,0,0,0,0,0
TCGA-55-7913,61.0,Female,STAGE IA,No,18.44363349,1:DECEASED,15.78064898,1:Recurred/Progressed,18.44363349,1:DEAD WITH TUMOR,15.78064898,1:PROGRESSION,1.0,1.0,1.0,1.0,Unknown,Wildtype,,0,1,0,1,0,0,1,0
TCGA-55-7914,71.0,Female,STAGE IIA,No,6.147877832,1:DECEASED,,,6.147877832,1:DEAD WITH TUMOR,6.147877832,1:PROGRESSION,1.0,,1.0,1.0,Unknown,Wildtype,,0,1,1,0,0,0,0,0
TCGA-55-7994,81.0,Male,STAGE IIB,No,19.82444028,0:LIVING,19.82444028,0:DiseaseFree,19.82444028,0:ALIVE OR DEAD TUMOR FREE,19.82444028,0:CENSORED,0.0,0.0,0.0,0.0,Unknown,Wildtype,,0,1,0,0,0,1,0,0
TCGA-55-7995,73.0,Female,STAGE IA,No,29.22707696,0:LIVING,15.38613276,1:Recurred/Progressed,29.22707696,0:ALIVE OR DEAD TUMOR FREE,15.38613276,1:PROGRESSION,0.0,1.0,0.0,1.0,Unknown,Wildtype,,0,1,0,0,1,1,0,1
TCGA-55-8085,64.0,Male,STAGE IA,No,29.72022224,0:LIVING,29.72022224,0:DiseaseFree,29.72022224,0:ALIVE OR DEAD TUMOR FREE,29.72022224,0:CENSORED,0.0,0.0,0.0,0.0,Unknown,Wildtype,,0,1,0,0,1,0,0,0
TCGA-55-8087,59.0,Female,STAGE IB,No,15.18887464,0:LIVING,15.18887464,0:DiseaseFree,15.18887464,0:ALIVE OR DEAD TUMOR FREE,15.18887464,0:CENSORED,0.0,0.0,0.0,0.0,Unknown,Wildtype,,0,0,0,0,0,0,0,0
TCGA-55-8089,56.0,Male,STAGE IA,No,23.07919913,1:DECEASED,23.07919913,0:DiseaseFree,23.07919913,0:ALIVE OR DEAD TUMOR FREE,23.07919913,0:CENSORED,1.0,0.0,0.0,0.0,Unknown,Wildtype,,0,1,0,0,0,1,0,0
TCGA-55-8090,80.0,Male,STAGE IA,No,19.66005852,1:DECEASED,18.01624092,1:Recurred/Progressed,19.66005852,1:DEAD WITH TUMOR,18.01624092,1:PROGRESSION,1.0,1.0,1.0,1.0,Unknown,Wildtype,,0,0,1,0,0,0,0,0
TCGA-55-8091,74.0,Male,STAGE IB,No,19.72581122,0:LIVING,19.72581122,0:DiseaseFree,19.72581122,0:ALIVE OR DEAD TUMOR FREE,19.72581122,0:CENSORED,0.0,0.0,0.0,0.0,Unknown,Wildtype,,0,0,0,0,0,0,0,0
TCGA-55-8092,75.0,Male,STAGE IIB,No,5.062958214,1:DECEASED,4.175296709,1:Recurred/Progressed,5.062958214,1:DEAD WITH TUMOR,4.175296709,1:PROGRESSION,1.0,1.0,1.0,1.0,Unknown,Wildtype,,0,1,0,1,0,0,1,1
TCGA-55-8094,51.0,Male,STAGE IV,Yes,17.78610645,0:LIVING,,,17.78610645,0:ALIVE OR DEAD TUMOR FREE,17.78610645,0:CENSORED,0.0,,0.0,0.0,Unknown,Wildtype,,0,1,1,0,1,0,0,0
TCGA-55-8096,67.0,Female,STAGE IB,No,23.63809712,1:DECEASED,18.60801526,1:Recurred/Progressed,23.63809712,1:DEAD WITH TUMOR,18.60801526,1:PROGRESSION,1.0,1.0,1.0,1.0,Unknown,L858R,L858R,1,1,0,0,0,0,0,0
TCGA-55-8097,60.0,Female,STAGE IA,No,15.64914357,0:LIVING,15.64914357,0:DiseaseFree,15.64914357,0:ALIVE OR DEAD TUMOR FREE,15.64914357,0:CENSORED,0.0,0.0,0.0,0.0,Unknown,Wildtype,,0,0,1,0,0,0,0,0
TCGA-55-8203,69.0,Female,STAGE IA,No,17.98336457,0:LIVING,17.98336457,0:DiseaseFree,17.98336457,0:ALIVE OR DEAD TUMOR FREE,17.98336457,0:CENSORED,0.0,0.0,0.0,0.0,Unknown,Wildtype,,0,0,1,1,0,0,0,0
TCGA-55-8204,87.0,Female,STAGE IB,No,16.9313213,0:LIVING,16.9313213,0:DiseaseFree,16.9313213,0:ALIVE OR DEAD TUMOR FREE,16.9313213,0:CENSORED,0.0,0.0,0.0,0.0,Unknown,Wildtype,,0,1,0,0,0,1,0,0
TCGA-55-8205,76.0,Female,STAGE IIA,No,19.69293487,0:LIVING,,,19.69293487,0:ALIVE OR DEAD TUMOR FREE,16.27379426,1:PROGRESSION,0.0,,0.0,1.0,Unknown,Wildtype,,0,1,0,0,0,1,0,0
TCGA-55-8206,56.0,Male,STAGE IA,No,29.19420061,0:LIVING,29.19420061,0:DiseaseFree,29.19420061,0:ALIVE OR DEAD TUMOR FREE,29.19420061,0:CENSORED,0.0,0.0,0.0,0.0,Unknown,Exon19del,Exon19del,1,0,0,0,0,0,0,0
TCGA-55-8207,73.0,Male,STAGE IB,No,32.12019594,0:LIVING,32.12019594,0:DiseaseFree,32.12019594,0:ALIVE OR DEAD TUMOR FREE,32.12019594,0:CENSORED,0.0,0.0,0.0,0.0,Unknown,Wildtype,,0,0,1,0,0,0,0,0
TCGA-55-8208,73.0,Female,STAGE IA,No,22.15866128,0:LIVING,16.79981589,1:Recurred/Progressed,22.15866128,0:ALIVE OR DEAD TUMOR FREE,16.79981589,1:PROGRESSION,0.0,1.0,0.0,1.0,Unknown,Wildtype,,0,1,0,0,0,0,0,0
TCGA-55-8299,61.0,Female,STAGE IA,No,15.41900911,1:DECEASED,9.008120459,1:Recurred/Progressed,15.41900911,1:DEAD WITH TUMOR,9.008120459,1:PROGRESSION,1.0,1.0,1.0,1.0,Unknown,Wildtype,,0,0,1,1,0,0,0,0
TCGA-55-8301,58.0,Male,STAGE IB,No,17.55597199,0:LIVING,7.824571786,1:Recurred/Progressed,17.55597199,0:ALIVE OR DEAD TUMOR FREE,7.824571786,1:PROGRESSION,0.0,1.0,0.0,1.0,Unknown,Wildtype,,0,1,0,0,0,1,0,0
TCGA-55-8302,54.0,Male,STAGE IB,No,15.71489628,0:LIVING,15.71489628,0:DiseaseFree,15.71489628,0:ALIVE OR DEAD TUMOR FREE,15.71489628,0:CENSORED,0.0,0.0,0.0,0.0,Unknown,Wildtype,,0,1,1,0,1,0,0,0
TCGA-55-8505,62.0,Male,STAGE IIIA,No,14.4655949,0:LIVING,14.4655949,0:DiseaseFree,14.4655949,0:ALIVE OR DEAD TUMOR FREE,14.4655949,0:CENSORED,0.0,0.0,0.0,0.0,Unknown,Wildtype,,0,0,0,0,1,0,0,0
TCGA-55-8506,62.0,Female,STAGE IIB,,0.361639872,0:LIVING,,,0.361639872,0:ALIVE OR DEAD TUMOR FREE,0.361639872,0:CENSORED,0.0,,0.0,0.0,Unknown,L858R,L858R,1,1,0,0,1,0,1,0
TCGA-55-8507,53.0,Male,STAGE IA,No,13.74231515,0:LIVING,13.74231515,0:DiseaseFree,13.74231515,0:ALIVE OR DEAD TUMOR FREE,13.74231515,0:CENSORED,0.0,0.0,0.0,0.0,Unknown,Wildtype,,0,1,0,1,0,0,0,0
TCGA-55-8508,60.0,Female,STAGE IIA,No,20.28470921,0:LIVING,20.28470921,0:DiseaseFree,20.28470921,0:ALIVE OR DEAD TUMOR FREE,20.28470921,0:CENSORED,0.0,0.0,0.0,0.0,Unknown,Wildtype,,0,0,1,1,0,0,0,0
TCGA-55-8510,55.0,Female,STAGE IB,No,17.72035375,0:LIVING,17.72035375,0:DiseaseFree,17.72035375,0:ALIVE OR DEAD TUMOR FREE,17.72035375,0:CENSORED,0.0,0.0,0.0,0.0,Unknown,Wildtype,,0,1,0,0,1,0,0,0
TCGA-55-8511,73.0,Female,STAGE IB,No,18.14774633,0:LIVING,15.12312194,1:Recurred/Progressed,18.14774633,0:ALIVE OR DEAD TUMOR FREE,15.12312194,1:PROGRESSION,0.0,1.0,0.0,1.0,Unknown,Wildtype,,0,1,0,0,0,1,1,0
TCGA-55-8512,41.0,Male,STAGE IV,No,19.95594569,1:DECEASED,,,19.95594569,1:DEAD WITH TUMOR,19.95594569,1:PROGRESSION,1.0,,1.0,1.0,Unknown,Wildtype,,0,0,1,0,0,0,0,0
TCGA-55-8513,77.0,Female,STAGE IIB,No,26.00519446,0:LIVING,10.4218036,1:Recurred/Progressed,26.00519446,0:ALIVE OR DEAD TUMOR FREE,10.4218036,1:PROGRESSION,0.0,1.0,0.0,1.0,Unknown,Wildtype,,0,0,0,0,0,0,0,0
TCGA-55-8514,70.0,Female,STAGE IB,No,17.09570306,0:LIVING,17.09570306,0:DiseaseFree,17.09570306,0:ALIVE OR DEAD TUMOR FREE,17.09570306,0:CENSORED,0.0,0.0,0.0,0.0,Unknown,Wildtype,,0,1,1,0,0,0,0,0
TCGA-55-8614,76.0,Male,STAGE IB,No,17.62172469,0:LIVING,17.62172469,0:DiseaseFree,17.62172469,0:ALIVE OR DEAD TUMOR FREE,17.62172469,0:CENSORED,0.0,0.0,0.0,0.0,Unknown,Wildtype,,0,1,0,0,0,0,0,0
TCGA-55-8615,67.0,Male,STAGE IIIA,No,14.66285301,0:LIVING,7.364302857,1:Recurred/Progressed,14.66285301,0:ALIVE OR DEAD TUMOR FREE,7.364302857,1:PROGRESSION,0.0,1.0,0.0,1.0,Unknown,Wildtype,,0,0,1,1,0,0,0,0
TCGA-55-8616,58.0,Female,STAGE IB,,1.578064898,0:LIVING,,,1.578064898,0:ALIVE OR DEAD TUMOR FREE,1.578064898,0:CENSORED,0.0,,0.0,0.0,Unknown,Wildtype,,0,1,1,0,0,0,0,0
TCGA-55-8619,72.0,Female,STAGE IIB,No,13.67656245,0:LIVING,13.67656245,0:DiseaseFree,13.67656245,0:ALIVE OR DEAD TUMOR FREE,13.67656245,0:CENSORED,0.0,0.0,0.0,0.0,Unknown,Wildtype,,0,0,0,0,0,0,0,0
TCGA-55-8620,60.0,Male,STAGE IV,Yes,12.32863202,1:DECEASED,,,12.32863202,1:DEAD WITH TUMOR,12.32863202,1:PROGRESSION,1.0,,1.0,1.0,Unknown,Wildtype,,0,1,0,0,1,0,0,0
TCGA-55-8621,75.0,Female,STAGE IA,No,16.9313213,0:LIVING,16.9313213,0:DiseaseFree,16.9313213,0:ALIVE OR DEAD TUMOR FREE,16.9313213,0:CENSORED,0.0,0.0,0.0,0.0,Unknown,Wildtype,,0,0,0,0,0,1,0,0
TCGA-55-A48X,63.0,Female,STAGE IIA,No,22.65180656,0:LIVING,22.65180656,0:DiseaseFree,22.65180656,0:ALIVE OR DEAD TUMOR FREE,20.21895651,1:PROGRESSION,0.0,0.0,0.0,1.0,Unknown,Wildtype,,0,1,0,0,0,0,0,0
TCGA-55-A48Y,69.0,Male,STAGE IIA,No,20.71210179,0:LIVING,20.71210179,0:DiseaseFree,20.71210179,0:ALIVE OR DEAD TUMOR FREE,20.71210179,0:CENSORED,0.0,0.0,0.0,0.0,Unknown,Wildtype,,0,0,0,0,0,0,0,0
TCGA-55-A48Z,60.0,Female,STAGE IIIB,Yes,21.40250518,0:LIVING,,,21.40250518,0:ALIVE OR DEAD TUMOR FREE,17.62172469,1:PROGRESSION,0.0,,0.0,1.0,Unknown,Rare,G719X,1,1,0,0,0,0,0,0
TCGA-55-A490,78.0,Male,STAGE IIA,No,3.254758852,1:DECEASED,,,3.254758852,0:ALIVE OR DEAD TUMOR FREE,3.254758852,0:CENSORED,1.0,,0.0,0.0,Unknown,Wildtype,,0,0,1,0,0,0,0,0
TCGA-55-A491,81.0,Female,STAGE IA,No,20.58059638,0:LIVING,20.58059638,0:DiseaseFree,20.58059638,0:ALIVE OR DEAD TUMOR FREE,20.58059638,0:CENSORED,0.0,0.0,0.0,0.0,Unknown,Wildtype,,0,1,0,0,0,0,0,0
TCGA-55-A492,70.0,Female,STAGE IA,No,19.59430582,0:LIVING,19.59430582,0:DiseaseFree,19.59430582,0:ALIVE OR DEAD TUMOR FREE,19.59430582,0:CENSORED,0.0,0.0,0.0,0.0,Unknown,Wildtype,,0,0,0,1,1,0,0,0
TCGA-55-A493,54.0,Female,STAGE IB,,0.920537857,0:LIVING,,,0.920537857,0:ALIVE OR DEAD TUMOR FREE,0.920537857,0:CENSORED,0.0,,0.0,0.0,Unknown,Wildtype,,0,1,0,0,0,0,0,0
TCGA-55-A494,61.0,Female,STAGE IB,No,15.81352533,0:LIVING,15.81352533,0:DiseaseFree,15.81352533,0:ALIVE OR DEAD TUMOR FREE,15.81352533,0:CENSORED,0.0,0.0,0.0,0.0,Unknown,Wildtype,,0,0,1,0,0,0,0,0
TCGA-55-A4DF,88.0,Male,STAGE IA,No,20.18608015,1:DECEASED,16.9313213,1:Recurred/Progressed,20.18608015,1:DEAD WITH TUMOR,16.9313213,1:PROGRESSION,1.0,1.0,1.0,1.0,Unknown,Wildtype,,0,1,0,0,1,0,0,0
TCGA-55-A4DG,71.0,Male,STAGE IA,No,19.98882204,0:LIVING,19.98882204,0:DiseaseFree,19.98882204,0:ALIVE OR DEAD TUMOR FREE,19.98882204,0:CENSORED,0.0,0.0,0.0,0.0,Unknown,Wildtype,,0,1,0,0,0,1,0,0
TCGA-55-A57B,80.0,Female,STAGE IA,No,17.95048821,0:LIVING,17.95048821,0:DiseaseFree,17.95048821,0:ALIVE OR DEAD TUMOR FREE,17.95048821,0:CENSORED,0.0,0.0,0.0,0.0,Unknown,Exon19del,Exon19del,1,1,0,0,0,0,0,0
TCGA-62-8394,65.0,Female,STAGE IIIB,No,4.569812934,1:DECEASED,4.569812934,0:DiseaseFree,4.569812934,0:ALIVE OR DEAD TUMOR FREE,4.569812934,0:CENSORED,1.0,0.0,0.0,0.0,Unknown,L858R,L858R,1,1,0,0,0,0,0,0
TCGA-62-8395,80.0,Female,STAGE IIB,No,39.97764408,0:LIVING,12.98615906,1:Recurred/Progressed,39.97764408,0:ALIVE OR DEAD TUMOR FREE,12.98615906,1:PROGRESSION,0.0,1.0,0.0,1.0,Unknown,Wildtype,,0,0,0,0,0,0,0,0
TCGA-62-8397,70.0,Female,STAGE IIB,No,42.37761778,0:LIVING,42.37761778,0:DiseaseFree,42.37761778,0:ALIVE OR DEAD TUMOR FREE,42.37761778,0:CENSORED,0.0,0.0,0.0,0.0,Unknown,Wildtype,,0,0,0,0,0,0,0,0
TCGA-62-8398,55.0,Male,STAGE IIIA,No,14.59710031,1:DECEASED,14.59710031,0:DiseaseFree,14.59710031,0:ALIVE OR DEAD TUMOR FREE,14.59710031,0:CENSORED,1.0,0.0,0.0,0.0,Unknown,Wildtype,,0,0,1,0,1,0,0,0
TCGA-62-8399,62.0,Male,STAGE IIIA,No,88.6346451,0:LIVING,88.6346451,0:DiseaseFree,88.6346451,0:ALIVE OR DEAD TUMOR FREE,88.6346451,0:CENSORED,0.0,0.0,0.0,0.0,Unknown,Wildtype,,0,1,0,0,0,0,0,0
TCGA-62-8402,73.0,Female,STAGE IIIA,No,49.24877536,1:DECEASED,25.38054378,1:Recurred/Progressed,49.24877536,1:DEAD WITH TUMOR,25.38054378,1:PROGRESSION,1.0,1.0,1.0,1.0,Unknown,Exon19del,Exon19del,1,1,0,0,0,0,0,0
TCGA-62-A46O,65.0,Female,STAGE IB,No,47.80221587,1:DECEASED,31.00239997,1:Recurred/Progressed,47.80221587,1:DEAD WITH TUMOR,31.00239997,1:PROGRESSION,1.0,1.0,1.0,1.0,Unknown,Wildtype,,0,1,0,0,1,0,0,0
TCGA-62-A46P,65.0,Male,STAGE IB,No,19.52855311,1:DECEASED,8.777985995,1:Recurred/Progressed,19.52855311,0:ALIVE OR DEAD TUMOR FREE,8.777985995,1:PROGRESSION,1.0,1.0,0.0,1.0,Unknown,Wildtype,,0,0,0,1,0,0,0,0
TCGA-62-A46R,54.0,Female,STAGE IB,No,56.71170727,1:DECEASED,56.71170727,0:DiseaseFree,56.71170727,0:ALIVE OR DEAD TUMOR FREE,56.71170727,0:CENSORED,1.0,0.0,0.0,0.0,Unknown,Wildtype,,0,1,1,0,0,0,0,0
TCGA-62-A46S,73.0,Male,STAGE IB,No,54.34460992,1:DECEASED,17.32583753,1:Recurred/Progressed,54.34460992,1:DEAD WITH TUMOR,17.32583753,1:PROGRESSION,1.0,1.0,1.0,1.0,Unknown,Wildtype,,0,0,1,1,0,1,0,0
TCGA-62-A46U,71.0,Female,STAGE IIB,No,67.95541967,0:LIVING,67.95541967,0:DiseaseFree,67.95541967,0:ALIVE OR DEAD TUMOR FREE,67.95541967,0:CENSORED,0.0,0.0,0.0,0.0,Unknown,Exon19del,Exon19del,1,1,0,0,0,0,0,0
TCGA-62-A46V,78.0,Female,STAGE IB,No,72.29509814,0:LIVING,72.29509814,0:DiseaseFree,72.29509814,0:ALIVE OR DEAD TUMOR FREE,72.29509814,0:CENSORED,0.0,0.0,0.0,0.0,Unknown,Wildtype,,0,0,0,0,0,0,1,0
TCGA-62-A46Y,70.0,Female,STAGE IIIA,Yes,13.61080975,1:DECEASED,10.32317454,1:Recurred/Progressed,13.61080975,1:DEAD WITH TUMOR,10.32317454,1:PROGRESSION,1.0,1.0,1.0,1.0,Unknown,Wildtype,,0,1,0,0,0,0,0,0
TCGA-62-A470,84.0,Male,STAGE IB,No,39.25436434,1:DECEASED,17.72035375,1:Recurred/Progressed,39.25436434,1:DEAD WITH TUMOR,17.72035375,1:PROGRESSION,1.0,1.0,1.0,1.0,Unknown,Wildtype,,0,0,0,1,1,0,0,0
TCGA-62-A471,64.0,Male,STAGE IIB,No,40.96393464,0:LIVING,40.96393464,0:DiseaseFree,40.96393464,0:ALIVE OR DEAD TUMOR FREE,40.96393464,0:CENSORED,0.0,0.0,0.0,0.0,Unknown,Wildtype,,0,1,0,0,0,0,0,0
TCGA-62-A472,70.0,Male,STAGE IIB,No,29.91748036,0:LIVING,9.534142092,1:Recurred/Progressed,29.91748036,0:ALIVE OR DEAD TUMOR FREE,9.534142092,1:PROGRESSION,0.0,1.0,0.0,1.0,Unknown,Wildtype,,0,1,0,0,0,0,1,0
TCGA-64-1676,58.0,Male,STAGE IA,No,56.81033633,0:LIVING,56.81033633,0:DiseaseFree,56.81033633,0:ALIVE OR DEAD TUMOR FREE,56.81033633,0:CENSORED,0.0,0.0,0.0,0.0,Unknown,Wildtype,,0,1,0,0,0,0,0,0
TCGA-64-1677,77.0,Female,STAGE IIIA,No,20.64634908,1:DECEASED,,,20.64634908,,11.83548673,1:PROGRESSION,1.0,,,1.0,Unknown,Wildtype,,0,1,1,0,0,0,0,1
TCGA-64-1678,70.0,Female,STAGE IIA,No,39.08998258,0:LIVING,39.08998258,0:DiseaseFree,39.08998258,0:ALIVE OR DEAD TUMOR FREE,39.08998258,0:CENSORED,0.0,0.0,0.0,0.0,Unknown,Wildtype,,0,0,0,0,0,0,0,0
TCGA-64-1679,58.0,Female,STAGE IIIA,No,81.79636388,0:LIVING,81.79636388,0:DiseaseFree,81.79636388,0:ALIVE OR DEAD TUMOR FREE,81.79636388,0:CENSORED,0.0,0.0,0.0,0.0,Unknown,Wildtype,,0,1,0,0,0,1,0,0
TCGA-64-1680,63.0,Male,STAGE IV,Yes,37.0187724,0:LIVING,,,37.0187724,0:ALIVE OR DEAD TUMOR FREE,37.0187724,0:CENSORED,0.0,,0.0,0.0,Unknown,Wildtype,,0,0,0,0,0,0,0,0
TCGA-64-1681,61.0,Female,STAGE IA,No,38.36670283,1:DECEASED,,,38.36670283,,14.43271855,1:PROGRESSION,1.0,,,1.0,Unknown,L858R,L858R,1,1,0,0,0,0,0,0
TCGA-64-5774,60.0,Male,STAGE IB,No,87.97711806,0:LIVING,8.087582602,1:Recurred/Progressed,87.97711806,0:ALIVE OR DEAD TUMOR FREE,8.087582602,1:PROGRESSION,0.0,1.0,0.0,1.0,Unknown,Wildtype,,0,0,1,0,0,0,0,0
TCGA-64-5775,71.0,Male,STAGE IIIA,No,2.038333827,1:DECEASED,,,2.038333827,1:DEAD WITH TUMOR,2.038333827,1:PROGRESSION,1.0,,1.0,1.0,Unknown,Wildtype,,0,1,1,0,0,0,0,0
TCGA-64-5778,60.0,Male,STAGE IB,No,42.90363941,0:LIVING,31.62705066,1:Recurred/Progressed,42.90363941,0:ALIVE OR DEAD TUMOR FREE,31.62705066,1:PROGRESSION,0.0,1.0,0.0,1.0,Unknown,Wildtype,,0,1,1,0,0,0,0,0
TCGA-64-5779,61.0,Male,STAGE IIIA,Yes,28.40516816,0:LIVING,,,28.40516816,0:ALIVE OR DEAD TUMOR FREE,26.13669987,1:PROGRESSION,0.0,,0.0,1.0,Unknown,Wildtype,,0,0,0,0,0,0,0,0
TCGA-64-5781,55.0,Female,STAGE IB,No,51.25423283,0:LIVING,,,51.25423283,0:ALIVE OR DEAD TUMOR FREE,3.156129796,1:PROGRESSION,0.0,,0.0,1.0,Unknown,Wildtype,,0,0,0,0,1,0,0,0
TCGA-64-5815,74.0,Male,STAGE IIB,No,28.47092087,0:LIVING,28.47092087,0:DiseaseFree,28.47092087,0:ALIVE OR DEAD TUMOR FREE,28.47092087,0:CENSORED,0.0,0.0,0.0,0.0,Unknown,Wildtype,,0,0,1,0,0,0,0,0
TCGA-67-3770,70.0,Female,STAGE IA,,20.05457474,0:LIVING,,,20.05457474,0:ALIVE OR DEAD TUMOR FREE,20.05457474,0:CENSORED,0.0,,0.0,0.0,Unknown,L858R,L858R,1,1,0,0,0,0,0,0
TCGA-67-3771,77.0,Female,STAGE IA,,20.05457474,0:LIVING,,,20.05457474,0:ALIVE OR DEAD TUMOR FREE,20.05457474,0:CENSORED,0.0,,0.0,0.0,Unknown,Wildtype,,0,1,0,0,1,0,0,0
TCGA-67-3772,82.0,Female,STAGE IB,,18.83814972,0:LIVING,,,18.83814972,0:ALIVE OR DEAD TUMOR FREE,18.83814972,0:CENSORED,0.0,,0.0,0.0,Unknown,L858R,L858R,1,0,0,0,0,0,0,0
TCGA-67-3773,84.0,Female,STAGE IB,,14.03820232,0:LIVING,,,14.03820232,0:ALIVE OR DEAD TUMOR FREE,14.03820232,0:CENSORED,0.0,,0.0,0.0,Unknown,Wildtype,,0,0,1,0,0,0,0,0
TCGA-67-3774,73.0,Female,STAGE IB,,12.65739554,0:LIVING,,,12.65739554,0:ALIVE OR DEAD TUMOR FREE,12.65739554,0:CENSORED,0.0,,0.0,0.0,Unknown,Wildtype,,0,0,1,1,0,0,0,0
TCGA-67-4679,69.0,Male,,,14.72860571,0:LIVING,,,14.72860571,0:ALIVE OR DEAD TUMOR FREE,14.72860571,0:CENSORED,0.0,,0.0,0.0,Unknown,Wildtype,,0,0,1,0,0,0,0,0
TCGA-67-6215,52.0,Female,STAGE IB,No,5.720485255,0:LIVING,5.720485255,0:DiseaseFree,5.720485255,0:ALIVE OR DEAD TUMOR FREE,5.720485255,0:CENSORED,0.0,0.0,0.0,0.0,Unknown,Wildtype,,0,0,0,0,0,0,0,0
TCGA-67-6216,57.0,Female,STAGE IA,No,4.635565638,0:LIVING,4.635565638,0:DiseaseFree,4.635565638,0:ALIVE OR DEAD TUMOR FREE,4.635565638,0:CENSORED,0.0,0.0,0.0,0.0,Unknown,Wildtype,,0,0,0,0,0,0,0,0
TCGA-67-6217,73.0,Female,STAGE IIA,No,13.87382056,0:LIVING,,,13.87382056,0:ALIVE OR DEAD TUMOR FREE,9.731400204,1:PROGRESSION,0.0,,0.0,1.0,Unknown,L858R,L858R,1,0,0,0,0,0,0,0
TCGA-69-7760,73.0,Male,STAGE IIB,No,6.641023112,0:LIVING,,,6.641023112,0:ALIVE OR DEAD TUMOR FREE,6.641023112,0:CENSORED,0.0,,0.0,0.0,Unknown,Other,Other,1,1,0,0,0,0,0,0
TCGA-69-7761,84.0,Male,STAGE IB,No,6.115001479,0:LIVING,,,6.115001479,0:ALIVE OR DEAD TUMOR FREE,6.115001479,0:CENSORED,0.0,,0.0,0.0,Unknown,Wildtype,,0,0,0,0,0,0,0,0
TCGA-69-7763,69.0,Male,STAGE IA,No,22.68468291,0:LIVING,,,22.68468291,0:ALIVE OR DEAD TUMOR FREE,22.68468291,0:CENSORED,0.0,,0.0,0.0,Unknown,Wildtype,,0,0,0,1,0,0,0,0
TCGA-69-7764,75.0,Male,STAGE IA,No,13.61080975,0:LIVING,,,13.61080975,0:ALIVE OR DEAD TUMOR FREE,13.61080975,0:CENSORED,0.0,,0.0,0.0,Unknown,Wildtype,,0,0,0,0,0,1,0,0
TCGA-69-7765,56.0,Male,STAGE IV,No,5.424598087,0:LIVING,,,5.424598087,0:ALIVE OR DEAD TUMOR FREE,5.424598087,0:CENSORED,0.0,,0.0,0.0,Unknown,Other,Other,1,1,0,0,0,1,1,0
TCGA-69-7973,42.0,Female,STAGE IB,No,7.561560969,0:LIVING,7.561560969,0:DiseaseFree,7.561560969,0:ALIVE OR DEAD TUMOR FREE,7.561560969,0:CENSORED,0.0,0.0,0.0,0.0,Unknown,Wildtype,,0,0,1,0,0,0,0,0
TCGA-69-7974,54.0,Female,STAGE IIIA,Yes,6.049248775,0:LIVING,,,6.049248775,0:ALIVE OR DEAD TUMOR FREE,6.049248775,0:CENSORED,0.0,,0.0,0.0,Unknown,Wildtype,,0,1,1,0,0,0,0,0
TCGA-69-7978,59.0,Male,STAGE IIB,No,4.405431173,0:LIVING,,,4.405431173,0:ALIVE OR DEAD TUMOR FREE,4.405431173,0:CENSORED,0.0,,0.0,0.0,Unknown,Wildtype,,0,1,1,0,0,1,0,0
TCGA-69-7979,71.0,Female,STAGE IB,No,13.41355163,0:LIVING,,,13.41355163,0:ALIVE OR DEAD TUMOR FREE,13.41355163,0:CENSORED,0.0,,0.0,0.0,Unknown,Wildtype,,0,1,0,0,0,1,0,0
TCGA-69-7980,70.0,Female,STAGE I,No,13.51218069,0:LIVING,13.51218069,0:DiseaseFree,13.51218069,0:ALIVE OR DEAD TUMOR FREE,13.51218069,0:CENSORED,0.0,0.0,0.0,0.0,Unknown,Wildtype,,0,1,1,0,0,0,0,0
TCGA-69-8253,59.0,Female,STAGE IIA,No,14.00532597,0:LIVING,14.00532597,0:DiseaseFree,14.00532597,0:ALIVE OR DEAD TUMOR FREE,14.00532597,0:CENSORED,0.0,0.0,0.0,0.0,Unknown,Wildtype,,0,0,1,0,1,0,0,0
TCGA-69-8254,85.0,Male,,No,13.44642798,0:LIVING,13.44642798,0:DiseaseFree,13.44642798,0:ALIVE OR DEAD TUMOR FREE,13.44642798,0:CENSORED,0.0,0.0,0.0,0.0,Unknown,Wildtype,,0,0,1,0,0,0,0,0
TCGA-69-8255,71.0,Male,STAGE IA,No,4.241049413,0:LIVING,,,4.241049413,0:ALIVE OR DEAD TUMOR FREE,4.241049413,0:CENSORED,0.0,,0.0,0.0,Unknown,Wildtype,,0,1,0,0,0,0,0,0
TCGA-69-8453,77.0,Male,STAGE IIB,No,26.72847421,0:LIVING,,,26.72847421,0:ALIVE OR DEAD TUMOR FREE,11.3094651,1:PROGRESSION,0.0,,0.0,1.0,Unknown,Wildtype,,0,0,0,0,0,0,0,0
TCGA-69-A59K,60.0,Female,STAGE IIB,No,19.42992406,0:LIVING,,,19.42992406,0:ALIVE OR DEAD TUMOR FREE,19.42992406,0:CENSORED,0.0,,0.0,0.0,Unknown,Wildtype,,0,1,0,0,0,0,0,0
TCGA-71-6725,48.0,Female,STAGE IB,No,8.416346122,0:LIVING,,,8.416346122,0:ALIVE OR DEAD TUMOR FREE,5.391721735,1:PROGRESSION,0.0,,0.0,1.0,Unknown,Wildtype,,0,0,0,0,0,0,0,0
TCGA-71-8520,60.0,Female,STAGE IB,Yes,6.904033928,1:DECEASED,5.884867015,1:Recurred/Progressed,6.904033928,1:DEAD WITH TUMOR,5.884867015,1:PROGRESSION,1.0,1.0,1.0,1.0,Unknown,L858R,L858R,1,1,0,0,0,0,0,0
TCGA-73-4658,80.0,Female,STAGE IB,No,52.60216326,1:DECEASED,52.60216326,0:DiseaseFree,52.60216326,0:ALIVE OR DEAD TUMOR FREE,52.60216326,0:CENSORED,1.0,0.0,0.0,0.0,Unknown,Wildtype,,0,0,0,0,0,1,0,0
TCGA-73-4659,66.0,Male,STAGE IIIA,No,23.3750863,1:DECEASED,,,23.3750863,1:DEAD WITH TUMOR,1.150672321,1:PROGRESSION,1.0,,1.0,1.0,Unknown,Wildtype,,0,0,0,1,0,0,0,0
TCGA-73-4662,65.0,Female,STAGE IA,No,82.68402538,0:LIVING,0.690403393,1:Recurred/Progressed,82.68402538,0:ALIVE OR DEAD TUMOR FREE,0.690403393,1:PROGRESSION,0.0,1.0,0.0,1.0,Unknown,Wildtype,,0,0,1,0,0,0,0,0
TCGA-73-4666,52.0,Female,STAGE IV,Yes,26.30108163,0:LIVING,,,26.30108163,0:ALIVE OR DEAD TUMOR FREE,26.30108163,0:CENSORED,0.0,,0.0,0.0,Unknown,Wildtype,,0,1,0,0,1,0,0,0
TCGA-73-4668,66.0,Female,STAGE IIB,No,15.3532564,0:LIVING,7.758819081,1:Recurred/Progressed,15.3532564,0:ALIVE OR DEAD TUMOR FREE,7.758819081,1:PROGRESSION,0.0,1.0,0.0,1.0,Unknown,Wildtype,,0,0,0,0,0,0,0,0
TCGA-73-4670,69.0,Female,STAGE IV,No,4.306802117,0:LIVING,,,4.306802117,0:ALIVE OR DEAD TUMOR FREE,4.306802117,0:CENSORED,0.0,,0.0,0.0,Unknown,Wildtype,,0,1,1,1,1,0,0,0
TCGA-73-4675,59.0,Male,STAGE IIIA,No,30.31199658,1:DECEASED,,,30.31199658,0:ALIVE OR DEAD TUMOR FREE,11.86836309,1:PROGRESSION,1.0,,0.0,1.0,Unknown,Wildtype,,0,0,0,0,0,0,0,0
TCGA-73-4676,45.0,Male,STAGE IIA,Yes,9.238254923,1:DECEASED,,,9.238254923,1:DEAD WITH TUMOR,9.238254923,1:PROGRESSION,1.0,,1.0,1.0,Unknown,Wildtype,,0,1,0,0,1,1,0,0
TCGA-73-4677,74.0,Male,STAGE IA,No,1.249301378,1:DECEASED,,,1.249301378,1:DEAD WITH TUMOR,1.249301378,1:PROGRESSION,1.0,,1.0,1.0,Unknown,Wildtype,,0,0,1,1,1,0,0,0
TCGA-73-7498,58.0,Female,STAGE IA,No,39.08998258,0:LIVING,39.08998258,0:DiseaseFree,39.08998258,0:ALIVE OR DEAD TUMOR FREE,39.08998258,0:CENSORED,0.0,0.0,0.0,0.0,Unknown,Wildtype,,0,0,1,1,1,0,0,0
TCGA-73-7499,81.0,Female,STAGE IB,No,50.33369497,1:DECEASED,47.5720814,1:Recurred/Progressed,50.33369497,0:ALIVE OR DEAD TUMOR FREE,47.5720814,1:PROGRESSION,1.0,1.0,0.0,1.0,Unknown,Wildtype,,0,1,0,0,0,0,0,1
TCGA-73-A9RS,41.0,Male,STAGE IIB,Yes,11.17795969,1:DECEASED,,,11.17795969,1:DEAD WITH TUMOR,3.517769668,1:PROGRESSION,1.0,,1.0,1.0,Unknown,Wildtype,,0,1,0,1,0,0,1,0
TCGA-75-5122,,Male,STAGE IB,No,,1:DECEASED,,,,1:DEAD WITH TUMOR,,1:PROGRESSION,1.0,,1.0,1.0,Unknown,Wildtype,,0,0,0,0,0,0,0,0
TCGA-75-5125,,Male,STAGE IIB,No,66.64036559,1:DECEASED,57.59936877,1:Recurred/Progressed,66.64036559,1:DEAD WITH TUMOR,57.59936877,1:PROGRESSION,1.0,1.0,1.0,1.0,Unknown,Wildtype,,0,1,0,0,0,0,0,0
TCGA-75-5126,,Female,STAGE IIIA,No,,0:LIVING,,,,0:ALIVE OR DEAD TUMOR FREE,,0:CENSORED,0.0,,0.0,0.0,Unknown,Wildtype,,0,0,1,0,0,0,0,0
TCGA-75-5146,,Male,STAGE IB,No,77.85120163,0:LIVING,77.85120163,0:DiseaseFree,77.85120163,0:ALIVE OR DEAD TUMOR FREE,58.28977217,1:PROGRESSION,0.0,0.0,0.0,1.0,Unknown,Wildtype,,0,1,0,1,0,0,1,0
TCGA-75-5147,,Female,STAGE IB,No,43.82417727,0:LIVING,43.82417727,0:DiseaseFree,43.82417727,0:ALIVE OR DEAD TUMOR FREE,43.82417727,0:CENSORED,0.0,0.0,0.0,0.0,Unknown,Wildtype,,0,1,0,0,0,0,0,0
TCGA-75-6203,,Female,STAGE IIIA,No,,0:LIVING,,0:DiseaseFree,,0:ALIVE OR DEAD TUMOR FREE,,0:CENSORED,0.0,0.0,0.0,0.0,Unknown,Wildtype,,0,0,0,0,0,0,0,0
TCGA-75-6205,,Female,STAGE IB,No,,1:DECEASED,,,,1:DEAD WITH TUMOR,,1:PROGRESSION,1.0,,1.0,1.0,Unknown,Wildtype,,0,0,0,0,0,0,0,0
TCGA-75-6206,,Male,STAGE IB,No,85.14975178,0:LIVING,85.14975178,0:DiseaseFree,85.14975178,0:ALIVE OR DEAD TUMOR FREE,85.14975178,0:CENSORED,0.0,0.0,0.0,0.0,Unknown,Wildtype,,0,0,1,0,1,0,0,0
TCGA-75-6207,,Male,STAGE IIIA,No,,1:DECEASED,,0:DiseaseFree,,,,0:CENSORED,1.0,0.0,,0.0,Unknown,Exon19del,Exon19del,1,1,0,0,0,0,0,0
TCGA-75-6211,,Female,STAGE IB,No,,1:DECEASED,,,,1:DEAD WITH TUMOR,,1:PROGRESSION,1.0,,1.0,1.0,Unknown,Wildtype,,0,1,0,0,1,1,0,0
TCGA-75-6212,,Female,STAGE IIB,No,49.84054969,1:DECEASED,49.84054969,0:DiseaseFree,49.84054969,1:DEAD WITH TUMOR,44.05431173,1:PROGRESSION,1.0,0.0,1.0,1.0,Unknown,Exon19del,Exon19del,1,0,0,0,0,0,0,0
TCGA-75-6214,,Female,STAGE IIIA,No,36.65713253,1:DECEASED,13.77519151,1:Recurred/Progressed,36.65713253,1:DEAD WITH TUMOR,13.77519151,1:PROGRESSION,1.0,1.0,1.0,1.0,Unknown,Wildtype,,0,1,0,0,0,0,0,0
TCGA-75-7025,,Male,STAGE IB,No,108.6563435,0:LIVING,48.68987737,1:Recurred/Progressed,108.6563435,0:ALIVE OR DEAD TUMOR FREE,48.68987737,1:PROGRESSION,0.0,1.0,0.0,1.0,Unknown,Exon19del,Exon19del,1,0,0,0,0,0,0,0
TCGA-75-7027,,Male,STAGE IB,No,100.5687609,0:LIVING,96.95236217,1:Recurred/Progressed,100.5687609,0:ALIVE OR DEAD TUMOR FREE,96.95236217,1:PROGRESSION,0.0,1.0,0.0,1.0,Unknown,Wildtype,,0,0,1,0,1,0,0,0
TCGA-75-7030,,Male,STAGE IIB,No,,0:LIVING,,0:DiseaseFree,,0:ALIVE OR DEAD TUMOR FREE,,0:CENSORED,0.0,0.0,0.0,0.0,Unknown,Wildtype,,0,0,1,0,0,0,0,0
TCGA-75-7031,,Female,STAGE IB,No,,0:LIVING,,,,0:ALIVE OR DEAD TUMOR FREE,,0:CENSORED,0.0,,0.0,0.0,Unknown,Wildtype,,0,1,0,1,0,0,0,0
TCGA-78-7143,62.0,Female,STAGE IB,No,163.0995825,1:DECEASED,,,163.0995825,,49.31452806,1:PROGRESSION,1.0,,,1.0,Unknown,Wildtype,,0,0,0,0,0,0,0,0
TCGA-78-7145,52.0,Female,STAGE IV,No,27.15586679,1:DECEASED,,,27.15586679,1:DEAD WITH TUMOR,13.87382056,1:PROGRESSION,1.0,,1.0,1.0,Unknown,Wildtype,,0,1,1,0,0,0,0,0
TCGA-78-7146,71.0,Female,STAGE IIIA,No,5.687608903,1:DECEASED,,,5.687608903,,5.687608903,0:CENSORED,1.0,,,0.0,Unknown,Wildtype,,0,1,0,0,1,1,0,1
TCGA-78-7147,67.0,Female,STAGE IIB,No,19.2655423,1:DECEASED,,,19.2655423,1:DEAD WITH TUMOR,19.00253148,1:PROGRESSION,1.0,,1.0,1.0,Unknown,Rare,L861Q,1,1,0,0,0,0,0,0
TCGA-78-7148,71.0,Male,STAGE IIB,No,20.58059638,1:DECEASED,,,20.58059638,,5.983496071,1:PROGRESSION,1.0,,,1.0,Unknown,Wildtype,,0,0,1,1,0,0,0,0
TCGA-78-7149,71.0,Male,STAGE IIIB,No,129.532827,0:LIVING,129.532827,0:DiseaseFree,129.532827,0:ALIVE OR DEAD TUMOR FREE,129.532827,0:CENSORED,0.0,0.0,0.0,0.0,Unknown,Wildtype,,0,1,0,0,1,0,0,0
TCGA-78-7150,59.0,Male,STAGE IIB,No,21.89565046,1:DECEASED,,,21.89565046,1:DEAD WITH TUMOR,4.569812934,1:PROGRESSION,1.0,,1.0,1.0,Unknown,Wildtype,,0,1,0,0,0,0,0,0
TCGA-78-7152,65.0,Male,STAGE IB,No,39.94476773,1:DECEASED,39.51737515,1:Recurred/Progressed,39.94476773,1:DEAD WITH TUMOR,39.51737515,1:PROGRESSION,1.0,1.0,1.0,1.0,Unknown,Wildtype,,0,0,0,1,0,0,0,0
TCGA-78-7153,65.0,Female,STAGE IB,No,119.5055397,0:LIVING,119.5055397,0:DiseaseFree,119.5055397,0:ALIVE OR DEAD TUMOR FREE,119.5055397,0:CENSORED,0.0,0.0,0.0,0.0,Unknown,Wildtype,,0,0,0,0,1,0,1,1
TCGA-78-7154,72.0,Male,STAGE IIIA,,19.49567676,1:DECEASED,,,19.49567676,,19.49567676,0:CENSORED,1.0,,,0.0,Unknown,Wildtype,,0,1,0,0,1,0,0,0
TCGA-78-7155,68.0,Male,STAGE IB,,38.49820824,1:DECEASED,,,38.49820824,,6.871157576,1:PROGRESSION,1.0,,,1.0,Unknown,Other,Other,1,1,0,0,0,0,0,0
TCGA-78-7156,62.0,Male,STAGE IV,No,32.08731959,1:DECEASED,,,32.08731959,,32.08731959,0:CENSORED,1.0,,,0.0,Unknown,Wildtype,,0,0,0,1,1,0,0,0
TCGA-78-7158,59.0,Female,STAGE IIIB,No,5.884867015,1:DECEASED,,,5.884867015,1:DEAD WITH TUMOR,4.339678469,1:PROGRESSION,1.0,,1.0,1.0,Unknown,Other,Other,1,0,0,0,1,0,0,0
TCGA-78-7159,60.0,Female,STAGE IA,No,64.89791893,0:LIVING,64.89791893,0:DiseaseFree,64.89791893,0:ALIVE OR DEAD TUMOR FREE,64.89791893,0:CENSORED,0.0,0.0,0.0,0.0,Unknown,Wildtype,,0,0,0,1,0,0,0,0
TCGA-78-7160,61.0,Male,STAGE IV,No,22.91481737,1:DECEASED,,,22.91481737,,22.91481737,0:CENSORED,1.0,,,0.0,Unknown,Wildtype,,0,0,1,1,0,1,0,0
TCGA-78-7161,69.0,Female,STAGE IIB,No,9.567018444,1:DECEASED,,,9.567018444,1:DEAD WITH TUMOR,5.325969031,1:PROGRESSION,1.0,,1.0,1.0,Unknown,Wildtype,,0,0,1,1,0,0,0,0
TCGA-78-7162,75.0,Male,STAGE IA,No,104.1851596,1:DECEASED,,,104.1851596,,72.91974883,1:PROGRESSION,1.0,,,1.0,Unknown,Wildtype,,0,0,0,0,1,0,0,0
TCGA-78-7163,60.0,Male,STAGE IB,No,238.2877996,0:LIVING,238.2877996,0:DiseaseFree,238.2877996,0:ALIVE OR DEAD TUMOR FREE,238.2877996,0:CENSORED,0.0,0.0,0.0,0.0,Unknown,Wildtype,,0,0,0,0,0,0,0,0
TCGA-78-7166,84.0,Male,STAGE IIB,Yes,8.482098826,1:DECEASED,,,8.482098826,,8.482098826,0:CENSORED,1.0,,,0.0,Unknown,Wildtype,,0,0,1,1,1,0,0,0
TCGA-78-7167,77.0,Male,STAGE IV,No,88.14149982,1:DECEASED,,,88.14149982,1:DEAD WITH TUMOR,23.86823158,1:PROGRESSION,1.0,,1.0,1.0,Unknown,Wildtype,,0,0,1,0,1,0,0,0
TCGA-78-7220,53.0,Female,STAGE IIIA,Yes,26.5312161,1:DECEASED,,,26.5312161,1:DEAD WITH TUMOR,17.45734293,1:PROGRESSION,1.0,,1.0,1.0,Unknown,Wildtype,,0,1,0,1,0,0,0,0
TCGA-78-7535,45.0,Male,STAGE IB,No,31.19965809,1:DECEASED,,,31.19965809,1:DEAD WITH TUMOR,26.5969688,1:PROGRESSION,1.0,,1.0,1.0,Unknown,Wildtype,,0,1,0,1,0,1,0,0
TCGA-78-7536,69.0,Male,STAGE IIIA,Yes,8.021829898,1:DECEASED,,,8.021829898,1:DEAD WITH TUMOR,7.594437321,1:PROGRESSION,1.0,,1.0,1.0,Unknown,Wildtype,,0,1,0,0,0,1,0,0
TCGA-78-7537,72.0,Male,STAGE IB,No,53.32544301,1:DECEASED,,,53.32544301,,53.32544301,0:CENSORED,1.0,,,0.0,Unknown,Wildtype,,0,0,0,0,0,0,1,0
TCGA-78-7539,75.0,Female,STAGE IIA,No,26.00519446,0:LIVING,22.6189302,1:Recurred/Progressed,26.00519446,0:ALIVE OR DEAD TUMOR FREE,22.6189302,1:PROGRESSION,0.0,1.0,0.0,1.0,Unknown,Wildtype,,0,0,1,0,0,0,1,0
TCGA-78-7540,66.0,Female,STAGE IB,,39.35299339,1:DECEASED,39.35299339,0:DiseaseFree,39.35299339,,39.35299339,0:CENSORED,1.0,0.0,,0.0,Unknown,Wildtype,,0,1,1,0,0,0,0,0
TCGA-78-7542,56.0,Male,STAGE IB,,10.55330901,1:DECEASED,,,10.55330901,,10.55330901,0:CENSORED,1.0,,,0.0,Unknown,Wildtype,,0,1,0,0,0,1,0,0
TCGA-78-7633,67.0,Male,STAGE IB,,50.23506592,1:DECEASED,47.67071046,1:Recurred/Progressed,50.23506592,1:DEAD WITH TUMOR,47.67071046,1:PROGRESSION,1.0,1.0,1.0,1.0,Unknown,Wildtype,,0,0,0,0,1,0,1,0
TCGA-78-8640,59.0,Male,STAGE IIA,No,232.1727981,0:LIVING,232.1727981,0:DiseaseFree,232.1727981,0:ALIVE OR DEAD TUMOR FREE,232.1727981,0:CENSORED,0.0,0.0,0.0,0.0,Unknown,Wildtype,,0,1,0,0,0,0,0,0
TCGA-78-8648,58.0,Female,STAGE IIB,No,39.74750962,1:DECEASED,,,39.74750962,,23.67097347,1:PROGRESSION,1.0,,,1.0,Unknown,Wildtype,,0,0,0,0,0,0,0,0
TCGA-78-8655,77.0,Female,STAGE IA,No,77.58819081,0:LIVING,77.58819081,0:DiseaseFree,77.58819081,0:ALIVE OR DEAD TUMOR FREE,77.58819081,0:CENSORED,0.0,0.0,0.0,0.0,Unknown,Wildtype,,0,0,1,0,0,0,0,0
TCGA-78-8660,69.0,Male,STAGE IIB,Yes,10.55330901,1:DECEASED,,,10.55330901,1:DEAD WITH TUMOR,7.956077194,1:PROGRESSION,1.0,,1.0,1.0,Unknown,Wildtype,,0,1,0,0,0,0,1,0
TCGA-78-8662,53.0,Female,STAGE IB,No,110.4974192,1:DECEASED,100.0756156,1:Recurred/Progressed,110.4974192,,100.0756156,1:PROGRESSION,1.0,1.0,,1.0,Unknown,Wildtype,,0,1,0,0,0,0,1,0
TCGA-80-5607,,Female,STAGE IIB,No,,0:LIVING,,,,0:ALIVE OR DEAD TUMOR FREE,,0:CENSORED,0.0,,0.0,0.0,Unknown,Wildtype,,0,0,0,0,0,0,1,1
TCGA-80-5608,,Female,STAGE IA,No,93.10582898,0:LIVING,93.10582898,0:DiseaseFree,93.10582898,0:ALIVE OR DEAD TUMOR FREE,93.10582898,0:CENSORED,0.0,0.0,0.0,0.0,Unknown,Wildtype,,0,0,1,1,1,0,0,0
TCGA-80-5611,,Male,STAGE IB,No,85.31413354,0:LIVING,85.31413354,0:DiseaseFree,85.31413354,0:ALIVE OR DEAD TUMOR FREE,85.31413354,0:CENSORED,0.0,0.0,0.0,0.0,Unknown,Wildtype,,0,0,0,0,0,0,0,0
TCGA-83-5908,59.0,Female,STAGE IA,No,27.09011408,0:LIVING,,,27.09011408,0:ALIVE OR DEAD TUMOR FREE,27.09011408,0:CENSORED,0.0,,0.0,0.0,Unknown,Wildtype,,0,1,1,0,0,0,0,0
TCGA-86-6562,52.0,Male,STAGE IIA,No,12.36150837,1:DECEASED,,,12.36150837,1:DEAD WITH TUMOR,9.008120459,1:PROGRESSION,1.0,,1.0,1.0,Unknown,Wildtype,,0,0,0,0,0,0,0,0
TCGA-86-6851,73.0,Female,STAGE IIA,No,5.884867015,0:LIVING,5.884867015,0:DiseaseFree,5.884867015,0:ALIVE OR DEAD TUMOR FREE,5.884867015,0:CENSORED,0.0,0.0,0.0,0.0,Unknown,Wildtype,,0,1,0,0,0,0,0,0
TCGA-86-7701,66.0,Male,STAGE IV,No,31.13390538,0:LIVING,,,31.13390538,0:ALIVE OR DEAD TUMOR FREE,13.93957327,1:PROGRESSION,0.0,,0.0,1.0,Unknown,Wildtype,,0,1,0,0,0,0,0,0
TCGA-86-7711,70.0,Male,STAGE IIA,No,34.38866423,1:DECEASED,,,34.38866423,1:DEAD WITH TUMOR,34.38866423,1:PROGRESSION,1.0,,1.0,1.0,Unknown,Wildtype,,0,1,0,0,0,0,0,0
TCGA-86-7713,70.0,Male,STAGE IIA,No,38.03793931,0:LIVING,38.03793931,0:DiseaseFree,38.03793931,0:ALIVE OR DEAD TUMOR FREE,38.03793931,0:CENSORED,0.0,0.0,0.0,0.0,Unknown,Wildtype,,0,0,1,1,0,0,0,0
TCGA-86-7714,61.0,Female,STAGE IIIA,No,20.54772003,1:DECEASED,,,20.54772003,1:DEAD WITH TUMOR,20.54772003,1:PROGRESSION,1.0,,1.0,1.0,Unknown,Wildtype,,0,0,0,0,0,0,1,1
TCGA-86-7953,69.0,Female,STAGE IA,No,32.77772298,0:LIVING,32.77772298,0:DiseaseFree,32.77772298,0:ALIVE OR DEAD TUMOR FREE,32.77772298,0:CENSORED,0.0,0.0,0.0,0.0,Unknown,Wildtype,,0,0,1,0,0,0,0,0
TCGA-86-7954,68.0,Female,STAGE IB,No,19.89019298,0:LIVING,19.89019298,0:DiseaseFree,19.89019298,0:ALIVE OR DEAD TUMOR FREE,19.89019298,0:CENSORED,0.0,0.0,0.0,0.0,Unknown,Wildtype,,0,1,0,0,0,0,0,0
TCGA-86-7955,62.0,Male,STAGE IB,Yes,35.24344939,0:LIVING,26.95860867,1:Recurred/Progressed,35.24344939,0:ALIVE OR DEAD TUMOR FREE,26.95860867,1:PROGRESSION,0.0,1.0,0.0,1.0,Unknown,Wildtype,,0,0,0,0,0,0,0,0
TCGA-86-8054,61.0,Male,STAGE IIB,No,37.74205214,0:LIVING,37.74205214,0:DiseaseFree,37.74205214,0:ALIVE OR DEAD TUMOR FREE,37.74205214,0:CENSORED,0.0,0.0,0.0,0.0,Unknown,Wildtype,,0,0,1,1,0,0,0,0
TCGA-86-8055,79.0,Male,STAGE IIA,No,4.076667653,1:DECEASED,4.076667653,0:DiseaseFree,4.076667653,0:ALIVE OR DEAD TUMOR FREE,4.076667653,0:CENSORED,1.0,0.0,0.0,0.0,Unknown,L858R,L858R,1,1,0,0,0,0,0,0
TCGA-86-8056,63.0,Female,STAGE IIIA,,4.569812934,0:LIVING,4.569812934,0:DiseaseFree,4.569812934,0:ALIVE OR DEAD TUMOR FREE,4.569812934,0:CENSORED,0.0,0.0,0.0,0.0,Unknown,Wildtype,,0,1,1,0,0,0,0,0
TCGA-86-8073,58.0,Male,STAGE IB,No,24.32850051,0:LIVING,24.32850051,0:DiseaseFree,24.32850051,0:ALIVE OR DEAD TUMOR FREE,24.32850051,0:CENSORED,0.0,0.0,0.0,0.0,Unknown,Wildtype,,0,1,0,0,0,1,0,0
TCGA-86-8074,62.0,Female,STAGE IIA,,0.789032449,0:LIVING,,,0.789032449,0:ALIVE OR DEAD TUMOR FREE,0.789032449,0:CENSORED,0.0,,0.0,0.0,Unknown,Exon19del,Exon19del,1,1,0,0,0,0,0,0
TCGA-86-8075,66.0,Female,STAGE IB,No,22.81618832,1:DECEASED,6.542394056,1:Recurred/Progressed,22.81618832,0:ALIVE OR DEAD TUMOR FREE,6.542394056,1:PROGRESSION,1.0,1.0,0.0,1.0,Unknown,L858R,L858R,1,1,0,0,0,0,0,0
TCGA-86-8076,42.0,Male,STAGE IA,No,32.64621758,0:LIVING,32.64621758,0:DiseaseFree,32.64621758,0:ALIVE OR DEAD TUMOR FREE,32.64621758,0:CENSORED,0.0,0.0,0.0,0.0,Unknown,Wildtype,,0,0,1,0,0,0,0,0
TCGA-86-8278,63.0,Female,STAGE IIB,No,31.03527633,0:LIVING,0.953414209,1:Recurred/Progressed,31.03527633,0:ALIVE OR DEAD TUMOR FREE,0.953414209,1:PROGRESSION,0.0,1.0,0.0,1.0,Unknown,Wildtype,,0,0,0,0,0,0,0,0
TCGA-86-8279,46.0,Male,STAGE IIA,Yes,31.19965809,0:LIVING,31.19965809,0:DiseaseFree,31.19965809,0:ALIVE OR DEAD TUMOR FREE,31.19965809,0:CENSORED,0.0,0.0,0.0,0.0,Unknown,Wildtype,,0,1,0,0,0,1,0,0
TCGA-86-8280,54.0,Female,STAGE IIA,No,23.04632278,0:LIVING,23.04632278,0:DiseaseFree,23.04632278,0:ALIVE OR DEAD TUMOR FREE,23.04632278,0:CENSORED,0.0,0.0,0.0,0.0,Unknown,Exon19del,Exon19del,1,1,0,1,0,0,0,0
TCGA-86-8281,75.0,Male,STAGE IA,,0.0,0:LIVING,0.0,0:DiseaseFree,0.0,0:ALIVE OR DEAD TUMOR FREE,0.0,0:CENSORED,0.0,0.0,0.0,0.0,Unknown,Wildtype,,0,0,0,1,1,0,0,0
TCGA-86-8358,44.0,Male,STAGE IB,No,21.46825788,0:LIVING,21.46825788,0:DiseaseFree,21.46825788,0:ALIVE OR DEAD TUMOR FREE,21.46825788,0:CENSORED,0.0,0.0,0.0,0.0,Unknown,Wildtype,,0,1,0,0,1,0,0,0
TCGA-86-8359,52.0,Male,STAGE IIIA,,14.59710031,1:DECEASED,,,14.59710031,0:ALIVE OR DEAD TUMOR FREE,14.59710031,0:CENSORED,1.0,,0.0,0.0,Unknown,Wildtype,,0,0,1,1,0,0,0,0
TCGA-86-8585,57.0,Male,STAGE IB,No,11.60535227,0:LIVING,11.60535227,0:DiseaseFree,11.60535227,0:ALIVE OR DEAD TUMOR FREE,11.60535227,0:CENSORED,0.0,0.0,0.0,0.0,Unknown,Wildtype,,0,1,0,0,0,0,0,0
TCGA-86-8668,61.0,Female,STAGE IA,No,13.90669691,0:LIVING,13.90669691,0:DiseaseFree,13.90669691,0:ALIVE OR DEAD TUMOR FREE,13.90669691,0:CENSORED,0.0,0.0,0.0,0.0,Unknown,L858R,L858R,1,0,0,0,0,0,0,0
TCGA-86-8669,64.0,Male,STAGE IA,No,30.83801821,0:LIVING,27.91202288,1:Recurred/Progressed,30.83801821,0:ALIVE OR DEAD TUMOR FREE,27.91202288,1:PROGRESSION,0.0,1.0,0.0,1.0,Unknown,Wildtype,,0,0,0,0,0,1,0,0
TCGA-86-8671,72.0,Female,STAGE IIB,No,27.58325936,0:LIVING,27.58325936,0:DiseaseFree,27.58325936,0:ALIVE OR DEAD TUMOR FREE,27.58325936,0:CENSORED,0.0,0.0,0.0,0.0,Unknown,Wildtype,,0,0,0,0,0,0,0,0
TCGA-86-8672,59.0,Male,STAGE IIB,No,0.624650689,1:DECEASED,0.624650689,0:DiseaseFree,0.624650689,0:ALIVE OR DEAD TUMOR FREE,0.624650689,0:CENSORED,1.0,0.0,0.0,0.0,Unknown,Wildtype,,0,1,0,0,1,0,0,0
TCGA-86-8673,61.0,Male,STAGE IB,No,28.33941546,0:LIVING,20.9093599,1:Recurred/Progressed,28.33941546,0:ALIVE OR DEAD TUMOR FREE,20.9093599,1:PROGRESSION,0.0,1.0,0.0,1.0,Unknown,Wildtype,,0,1,0,0,0,0,0,0
TCGA-86-8674,50.0,Male,STAGE IIA,No,26.49833974,0:LIVING,10.98070158,1:Recurred/Progressed,26.49833974,0:ALIVE OR DEAD TUMOR FREE,10.98070158,1:PROGRESSION,0.0,1.0,0.0,1.0,Unknown,Wildtype,,0,0,1,0,1,0,0,0
TCGA-86-A456,78.0,Female,STAGE IA,No,29.45721143,0:LIVING,29.45721143,0:DiseaseFree,29.45721143,0:ALIVE OR DEAD TUMOR FREE,29.45721143,0:CENSORED,0.0,0.0,0.0,0.0,Unknown,Wildtype,,0,0,1,0,0,0,0,0
TCGA-86-A4D0,48.0,Male,STAGE IIA,No,3.813656837,1:DECEASED,3.813656837,0:DiseaseFree,3.813656837,0:ALIVE OR DEAD TUMOR FREE,3.813656837,0:CENSORED,1.0,0.0,0.0,0.0,Unknown,Wildtype,,0,0,0,0,0,0,0,0
TCGA-86-A4JF,56.0,Male,STAGE IIB,No,24.22987145,1:DECEASED,14.33408949,1:Recurred/Progressed,24.22987145,1:DEAD WITH TUMOR,14.33408949,1:PROGRESSION,1.0,1.0,1.0,1.0,Unknown,Wildtype,,0,1,1,0,0,0,0,0
TCGA-86-A4P7,63.0,Female,STAGE IB,No,13.6436861,0:LIVING,13.6436861,0:DiseaseFree,13.6436861,0:ALIVE OR DEAD TUMOR FREE,13.6436861,0:CENSORED,0.0,0.0,0.0,0.0,Unknown,Other,Other,1,1,0,0,0,0,0,0
TCGA-86-A4P8,59.0,Female,STAGE IIIA,Yes,26.46546339,0:LIVING,26.46546339,0:DiseaseFree,26.46546339,0:ALIVE OR DEAD TUMOR FREE,26.46546339,0:CENSORED,0.0,0.0,0.0,0.0,Unknown,Wildtype,,0,0,0,0,0,0,0,0
TCGA-91-6828,70.0,Male,STAGE IA,No,10.61906171,0:LIVING,10.61906171,0:DiseaseFree,10.61906171,0:ALIVE OR DEAD TUMOR FREE,10.61906171,0:CENSORED,0.0,0.0,0.0,0.0,Unknown,Wildtype,,0,0,1,0,0,0,0,0
TCGA-91-6829,78.0,Male,STAGE IB,No,41.35845087,1:DECEASED,,,41.35845087,0:ALIVE OR DEAD TUMOR FREE,41.35845087,0:CENSORED,1.0,,0.0,0.0,Unknown,Wildtype,,0,0,0,0,0,1,0,0
TCGA-91-6830,65.0,Female,STAGE IIA,No,1.972581122,0:LIVING,,,1.972581122,0:ALIVE OR DEAD TUMOR FREE,0.591774337,1:PROGRESSION,0.0,,0.0,1.0,Unknown,Wildtype,,0,0,0,0,0,0,0,0
TCGA-91-6831,66.0,Male,STAGE IB,No,10.19166913,0:LIVING,10.19166913,0:DiseaseFree,10.19166913,0:ALIVE OR DEAD TUMOR FREE,10.19166913,0:CENSORED,0.0,0.0,0.0,0.0,Unknown,Wildtype,,0,1,0,0,0,0,0,0
TCGA-91-6835,81.0,Female,STAGE IA,No,2.597231811,0:LIVING,2.597231811,0:DiseaseFree,2.597231811,0:ALIVE OR DEAD TUMOR FREE,2.597231811,0:CENSORED,0.0,0.0,0.0,0.0,Unknown,L858R,L858R,1,0,0,0,0,0,0,0
TCGA-91-6836,52.0,Female,STAGE IB,No,13.7094388,0:LIVING,13.7094388,0:DiseaseFree,13.7094388,0:ALIVE OR DEAD TUMOR FREE,13.7094388,0:CENSORED,0.0,0.0,0.0,0.0,Unknown,Wildtype,,0,1,1,0,0,0,0,0
TCGA-91-6840,59.0,Female,STAGE IA,No,12.23000296,0:LIVING,12.23000296,0:DiseaseFree,12.23000296,0:ALIVE OR DEAD TUMOR FREE,12.23000296,0:CENSORED,0.0,0.0,0.0,0.0,Unknown,Wildtype,,0,1,0,0,0,0,0,0
TCGA-91-6847,62.0,Female,STAGE IB,Yes,27.68188842,0:LIVING,,,27.68188842,0:ALIVE OR DEAD TUMOR FREE,25.38054378,1:PROGRESSION,0.0,,0.0,1.0,Unknown,Wildtype,,0,1,0,0,0,0,0,0
TCGA-91-6848,59.0,Male,STAGE IIIA,No,7.364302857,0:LIVING,7.364302857,0:DiseaseFree,7.364302857,0:ALIVE OR DEAD TUMOR FREE,7.364302857,0:CENSORED,0.0,0.0,0.0,0.0,Unknown,Wildtype,,0,1,0,0,1,0,0,0
TCGA-91-6849,75.0,Female,STAGE IIIA,,1.150672321,0:LIVING,,,1.150672321,0:ALIVE OR DEAD TUMOR FREE,1.150672321,0:CENSORED,0.0,,0.0,0.0,Unknown,Wildtype,,0,0,1,0,1,0,0,0
TCGA-91-7771,62.0,Male,STAGE IIB,No,16.1751652,0:LIVING,16.1751652,0:DiseaseFree,16.1751652,0:ALIVE OR DEAD TUMOR FREE,16.1751652,0:CENSORED,0.0,0.0,0.0,0.0,Unknown,Wildtype,,0,0,0,1,0,0,0,0
TCGA-91-8496,63.0,Female,STAGE IB,No,16.60255778,0:LIVING,16.60255778,0:DiseaseFree,16.60255778,0:ALIVE OR DEAD TUMOR FREE,16.60255778,0:CENSORED,0.0,0.0,0.0,0.0,Unknown,Wildtype,,0,0,0,0,0,0,0,0
TCGA-91-8497,75.0,Female,STAGE IA,No,14.26833679,1:DECEASED,14.26833679,0:DiseaseFree,14.26833679,0:ALIVE OR DEAD TUMOR FREE,14.26833679,0:CENSORED,1.0,0.0,0.0,0.0,Unknown,Wildtype,,0,0,0,0,0,0,0,0
TCGA-91-8499,76.0,Female,STAGE IA,No,1.183548673,0:LIVING,,,1.183548673,0:ALIVE OR DEAD TUMOR FREE,1.183548673,0:CENSORED,0.0,,0.0,0.0,Unknown,Wildtype,,0,1,0,0,0,0,0,0
TCGA-91-A4BC,59.0,Male,STAGE IIA,,1.44655949,0:LIVING,,,1.44655949,0:ALIVE OR DEAD TUMOR FREE,1.44655949,0:CENSORED,0.0,,0.0,0.0,Unknown,Wildtype,,0,1,0,0,0,0,0,0
TCGA-91-A4BD,78.0,Male,STAGE IIA,No,19.82444028,0:LIVING,19.82444028,0:DiseaseFree,19.82444028,0:ALIVE OR DEAD TUMOR FREE,19.82444028,0:CENSORED,0.0,0.0,0.0,0.0,Unknown,Wildtype,,0,0,0,0,0,0,1,0
TCGA-93-7347,76.0,Female,STAGE IA,No,22.45454844,0:LIVING,22.45454844,0:DiseaseFree,22.45454844,0:ALIVE OR DEAD TUMOR FREE,22.45454844,0:CENSORED,0.0,0.0,0.0,0.0,Unknown,Wildtype,,0,0,1,0,0,0,0,0
TCGA-93-7348,75.0,Female,STAGE IA,No,17.45734293,0:LIVING,17.45734293,0:DiseaseFree,17.45734293,0:ALIVE OR DEAD TUMOR FREE,17.45734293,0:CENSORED,0.0,0.0,0.0,0.0,Unknown,Wildtype,,0,0,0,0,0,0,0,1
TCGA-93-8067,77.0,Male,STAGE IB,No,6.115001479,0:LIVING,6.115001479,0:DiseaseFree,6.115001479,0:ALIVE OR DEAD TUMOR FREE,6.115001479,0:CENSORED,0.0,0.0,0.0,0.0,Unknown,Wildtype,,0,1,1,0,0,0,0,0
TCGA-93-A4JN,71.0,Male,STAGE IV,No,23.60522077,0:LIVING,,,23.60522077,0:ALIVE OR DEAD TUMOR FREE,23.60522077,0:CENSORED,0.0,,0.0,0.0,Unknown,Wildtype,,0,1,0,0,0,0,0,0
TCGA-93-A4JO,70.0,Male,STAGE IA,No,1.084919617,1:DECEASED,,,1.084919617,0:ALIVE OR DEAD TUMOR FREE,1.084919617,0:CENSORED,1.0,,0.0,0.0,Unknown,Wildtype,,0,1,1,0,0,0,0,0
TCGA-93-A4JP,64.0,Male,STAGE IV,No,19.00253148,0:LIVING,,,19.00253148,0:ALIVE OR DEAD TUMOR FREE,16.33954696,1:PROGRESSION,0.0,,0.0,1.0,Unknown,Rare,L861Q,1,1,0,0,0,0,0,0
TCGA-93-A4JQ,49.0,Male,STAGE IA,No,17.29296117,0:LIVING,17.29296117,0:DiseaseFree,17.29296117,0:ALIVE OR DEAD TUMOR FREE,17.29296117,0:CENSORED,0.0,0.0,0.0,0.0,Unknown,Wildtype,,0,0,0,0,0,0,0,0
TCGA-95-7039,54.0,Female,STAGE IIB,No,41.8187198,0:LIVING,41.35845087,1:Recurred/Progressed,41.8187198,0:ALIVE OR DEAD TUMOR FREE,41.35845087,1:PROGRESSION,0.0,1.0,0.0,1.0,Unknown,Other,Other,1,1,1,0,0,0,1,0
TCGA-95-7043,63.0,Female,STAGE IA,,16.53680508,1:DECEASED,,,16.53680508,1:DEAD WITH TUMOR,16.53680508,1:PROGRESSION,1.0,,1.0,1.0,Unknown,Wildtype,,0,1,0,0,1,1,0,0
TCGA-95-7562,71.0,Male,STAGE IIA,No,2.860242628,1:DECEASED,,,2.860242628,0:ALIVE OR DEAD TUMOR FREE,2.860242628,0:CENSORED,1.0,,0.0,0.0,Unknown,Wildtype,,0,1,1,0,0,0,0,1
TCGA-95-7567,61.0,Male,STAGE IIB,No,18.67376796,0:LIVING,,,18.67376796,0:ALIVE OR DEAD TUMOR FREE,18.67376796,0:CENSORED,0.0,,0.0,0.0,Unknown,Wildtype,,0,1,1,0,0,0,0,0
TCGA-95-7944,71.0,Male,STAGE IA,No,12.39438472,0:LIVING,,,12.39438472,0:ALIVE OR DEAD TUMOR FREE,12.39438472,0:CENSORED,0.0,,0.0,0.0,Unknown,Wildtype,,0,1,0,0,0,1,0,0
TCGA-95-7947,67.0,Male,STAGE IA,No,15.68201992,0:LIVING,15.68201992,0:DiseaseFree,15.68201992,0:ALIVE OR DEAD TUMOR FREE,15.68201992,0:CENSORED,0.0,0.0,0.0,0.0,Unknown,Other,Other,1,1,0,0,1,0,0,1
TCGA-95-7948,42.0,Female,STAGE IB,No,15.64914357,0:LIVING,15.64914357,0:DiseaseFree,15.64914357,0:ALIVE OR DEAD TUMOR FREE,15.64914357,0:CENSORED,0.0,0.0,0.0,0.0,Unknown,Wildtype,,0,0,0,0,0,0,0,1
TCGA-95-8039,72.0,Male,STAGE IA,No,27.28737219,0:LIVING,7.495808265,1:Recurred/Progressed,27.28737219,0:ALIVE OR DEAD TUMOR FREE,7.495808265,1:PROGRESSION,0.0,1.0,0.0,1.0,Unknown,Wildtype,,0,1,0,0,0,0,0,0
TCGA-95-8494,67.0,Male,STAGE IIA,No,2.761613571,0:LIVING,2.761613571,0:DiseaseFree,2.761613571,0:ALIVE OR DEAD TUMOR FREE,2.761613571,0:CENSORED,0.0,0.0,0.0,0.0,Unknown,Wildtype,,0,1,0,0,0,0,0,0
TCGA-95-A4VK,74.0,Female,STAGE IIIA,Yes,21.40250518,0:LIVING,,,21.40250518,0:ALIVE OR DEAD TUMOR FREE,16.30667061,1:PROGRESSION,0.0,,0.0,1.0,Unknown,Wildtype,,0,0,1,0,0,0,0,0
TCGA-95-A4VN,62.0,Female,STAGE IIA,No,18.18062268,0:LIVING,,,18.18062268,0:ALIVE OR DEAD TUMOR FREE,18.18062268,0:CENSORED,0.0,,0.0,0.0,Unknown,Wildtype,,0,0,1,0,0,0,0,0
TCGA-95-A4VP,66.0,Female,STAGE IIIA,No,19.89019298,0:LIVING,,,19.89019298,0:ALIVE OR DEAD TUMOR FREE,7.101292041,1:PROGRESSION,0.0,,0.0,1.0,Unknown,Wildtype,,0,0,1,1,0,0,0,0
TCGA-97-7546,76.0,Female,STAGE IA,Yes,42.24611237,0:LIVING,,,42.24611237,0:ALIVE OR DEAD TUMOR FREE,41.25982181,1:PROGRESSION,0.0,,0.0,1.0,Unknown,Wildtype,,0,0,0,0,0,0,0,0
TCGA-97-7547,67.0,Female,STAGE IB,No,64.60203176,0:LIVING,,,64.60203176,0:ALIVE OR DEAD TUMOR FREE,25.47917283,1:PROGRESSION,0.0,,0.0,1.0,Unknown,Wildtype,,0,0,0,0,0,1,0,0
TCGA-97-7552,70.0,Male,STAGE IB,No,63.51711214,0:LIVING,,,63.51711214,0:ALIVE OR DEAD TUMOR FREE,26.23532893,1:PROGRESSION,0.0,,0.0,1.0,Unknown,Wildtype,,0,0,0,0,0,0,0,0
TCGA-97-7553,58.0,Female,STAGE IA,No,61.47877832,0:LIVING,61.47877832,0:DiseaseFree,61.47877832,0:ALIVE OR DEAD TUMOR FREE,61.47877832,0:CENSORED,0.0,0.0,0.0,0.0,Unknown,Wildtype,,0,1,0,0,0,1,0,0
TCGA-97-7554,83.0,Female,STAGE IIIA,No,25.47917283,0:LIVING,25.47917283,0:DiseaseFree,25.47917283,0:ALIVE OR DEAD TUMOR FREE,25.47917283,0:CENSORED,0.0,0.0,0.0,0.0,Unknown,Wildtype,,0,1,1,0,0,0,0,0
TCGA-97-7937,65.0,Male,STAGE IB,No,18.54226255,0:LIVING,,,18.54226255,0:ALIVE OR DEAD TUMOR FREE,18.54226255,0:CENSORED,0.0,,0.0,0.0,Unknown,Wildtype,,0,1,0,0,0,0,0,0
TCGA-97-7938,76.0,Female,STAGE IA,No,0.591774337,1:DECEASED,0.591774337,0:DiseaseFree,0.591774337,0:ALIVE OR DEAD TUMOR FREE,0.591774337,0:CENSORED,1.0,0.0,0.0,0.0,Unknown,Wildtype,,0,1,1,0,0,0,0,0
TCGA-97-7941,72.0,Female,STAGE IA,No,15.91215439,0:LIVING,15.91215439,0:DiseaseFree,15.91215439,0:ALIVE OR DEAD TUMOR FREE,15.91215439,0:CENSORED,0.0,0.0,0.0,0.0,Unknown,Wildtype,,0,0,1,0,0,0,0,0
TCGA-97-8171,81.0,Male,STAGE IV,No,18.67376796,0:LIVING,,,18.67376796,0:ALIVE OR DEAD TUMOR FREE,14.49847125,1:PROGRESSION,0.0,,0.0,1.0,Unknown,Exon19del,Exon19del,1,0,0,0,0,0,0,0
TCGA-97-8172,75.0,Female,STAGE IB,No,17.91761186,0:LIVING,17.91761186,0:DiseaseFree,17.91761186,0:ALIVE OR DEAD TUMOR FREE,17.91761186,0:CENSORED,0.0,0.0,0.0,0.0,Unknown,Other,Other,1,1,0,0,0,0,0,0
TCGA-97-8174,67.0,Male,STAGE IIA,No,5.391721735,1:DECEASED,,,5.391721735,,5.391721735,0:CENSORED,1.0,,,0.0,Unknown,Wildtype,,0,0,0,0,0,0,0,0
TCGA-97-8175,55.0,Female,STAGE IB,No,18.11486997,0:LIVING,9.6656475,1:Recurred/Progressed,18.11486997,0:ALIVE OR DEAD TUMOR FREE,9.6656475,1:PROGRESSION,0.0,1.0,0.0,1.0,Unknown,Wildtype,,0,1,0,0,0,0,0,0
TCGA-97-8176,63.0,Male,STAGE IIIA,Yes,15.38613276,1:DECEASED,,,15.38613276,0:ALIVE OR DEAD TUMOR FREE,1.28217773,1:PROGRESSION,1.0,,0.0,1.0,Unknown,Wildtype,,0,0,1,0,1,0,0,0
TCGA-97-8177,59.0,Female,STAGE IB,No,16.40529967,0:LIVING,,,16.40529967,0:ALIVE OR DEAD TUMOR FREE,16.40529967,0:CENSORED,0.0,,0.0,0.0,Unknown,L858R,L858R,1,0,0,0,0,0,0,1
TCGA-97-8179,72.0,Male,STAGE IA,No,14.30121314,0:LIVING,14.30121314,0:DiseaseFree,14.30121314,0:ALIVE OR DEAD TUMOR FREE,14.30121314,0:CENSORED,0.0,0.0,0.0,0.0,Unknown,Wildtype,,0,1,1,1,1,0,0,0
TCGA-97-8547,78.0,Female,STAGE IIIA,No,21.59976329,0:LIVING,21.59976329,0:DiseaseFree,21.59976329,0:ALIVE OR DEAD TUMOR FREE,21.59976329,0:CENSORED,0.0,0.0,0.0,0.0,Unknown,Exon19del,Exon19del,1,1,0,0,0,0,0,0
TCGA-97-8552,55.0,Female,STAGE I,No,20.58059638,0:LIVING,20.58059638,0:DiseaseFree,20.58059638,0:ALIVE OR DEAD TUMOR FREE,20.58059638,0:CENSORED,0.0,0.0,0.0,0.0,Unknown,Exon19del,Exon19del,1,0,0,0,0,0,0,1
TCGA-97-A4LX,81.0,Male,STAGE IB,No,20.18608015,0:LIVING,20.18608015,0:DiseaseFree,20.18608015,0:ALIVE OR DEAD TUMOR FREE,20.18608015,0:CENSORED,0.0,0.0,0.0,0.0,Unknown,Wildtype,,0,1,0,0,0,0,0,0
TCGA-97-A4M0,60.0,Female,STAGE IB,No,21.43538153,0:LIVING,21.43538153,0:DiseaseFree,21.43538153,0:ALIVE OR DEAD TUMOR FREE,21.43538153,0:CENSORED,0.0,0.0,0.0,0.0,Unknown,Wildtype,,0,0,1,0,0,0,0,0
TCGA-97-A4M1,52.0,Female,STAGE IA,No,19.75868758,0:LIVING,19.75868758,0:DiseaseFree,19.75868758,0:ALIVE OR DEAD TUMOR FREE,19.75868758,0:CENSORED,0.0,0.0,0.0,0.0,Unknown,L858R,L858R,1,1,0,0,0,0,0,0
TCGA-97-A4M2,66.0,Male,STAGE IA,No,20.51484367,0:LIVING,20.51484367,0:DiseaseFree,20.51484367,0:ALIVE OR DEAD TUMOR FREE,20.51484367,0:CENSORED,0.0,0.0,0.0,0.0,Unknown,Wildtype,,0,0,0,0,0,0,0,0
TCGA-97-A4M3,69.0,Female,STAGE IA,No,17.7532301,0:LIVING,17.7532301,0:DiseaseFree,17.7532301,0:ALIVE OR DEAD TUMOR FREE,1.77532301,1:PROGRESSION,0.0,0.0,0.0,1.0,Unknown,Wildtype,,0,0,0,1,1,0,0,0
TCGA-97-A4M5,83.0,Male,STAGE IA,No,20.84360719,0:LIVING,20.84360719,0:DiseaseFree,20.84360719,0:ALIVE OR DEAD TUMOR FREE,20.84360719,0:CENSORED,0.0,0.0,0.0,0.0,Unknown,Wildtype,,0,0,1,0,0,0,0,0
TCGA-97-A4M6,45.0,Female,STAGE IA,No,18.67376796,0:LIVING,18.67376796,0:DiseaseFree,18.67376796,0:ALIVE OR DEAD TUMOR FREE,18.67376796,0:CENSORED,0.0,0.0,0.0,0.0,Unknown,Exon19del,Exon19del,1,0,0,0,0,0,0,0
TCGA-97-A4M7,74.0,Male,STAGE IA,No,20.67922543,0:LIVING,20.67922543,0:DiseaseFree,20.67922543,0:ALIVE OR DEAD TUMOR FREE,20.67922543,0:CENSORED,0.0,0.0,0.0,0.0,Unknown,L858R,L858R,1,0,0,0,0,0,1,0
TCGA-99-7458,74.0,Female,STAGE IIIA,No,24.55863497,0:LIVING,,,24.55863497,0:ALIVE OR DEAD TUMOR FREE,24.55863497,0:CENSORED,0.0,,0.0,0.0,Unknown,Wildtype,,0,1,0,0,0,0,0,0
TCGA-99-8025,72.0,Female,STAGE IIIA,No,34.84893316,0:LIVING,34.84893316,0:DiseaseFree,34.84893316,0:ALIVE OR DEAD TUMOR FREE,34.84893316,0:CENSORED,0.0,0.0,0.0,0.0,Unknown,Wildtype,,0,1,1,0,0,0,0,0
TCGA-99-8028,50.0,Female,STAGE IA,No,36.75576158,0:LIVING,36.75576158,0:DiseaseFree,36.75576158,0:ALIVE OR DEAD TUMOR FREE,36.75576158,0:CENSORED,0.0,0.0,0.0,0.0,Unknown,Wildtype,,0,1,1,0,0,0,0,0
TCGA-99-8032,61.0,Male,STAGE IA,No,1.44655949,0:LIVING,1.44655949,0:DiseaseFree,1.44655949,0:ALIVE OR DEAD TUMOR FREE,1.44655949,0:CENSORED,0.0,0.0,0.0,0.0,Unknown,Wildtype,,0,0,1,1,0,0,0,0
TCGA-99-8033,74.0,Female,STAGE IV,Yes,21.56688694,1:DECEASED,,,21.56688694,1:DEAD WITH TUMOR,21.56688694,1:PROGRESSION,1.0,,1.0,1.0,Unknown,Wildtype,,0,1,1,0,1,0,0,0
TCGA-99-AA5R,70.0,Female,STAGE IA,No,21.63263964,0:LIVING,21.63263964,0:DiseaseFree,21.63263964,0:ALIVE OR DEAD TUMOR FREE,21.63263964,0:CENSORED,0.0,0.0,0.0,0.0,Unknown,Wildtype,,0,0,0,0,0,0,0,0
TCGA-J2-8192,65.0,Female,STAGE IIA,No,24.29562416,0:LIVING,,,24.29562416,0:ALIVE OR DEAD TUMOR FREE,15.84640168,1:PROGRESSION,0.0,,0.0,1.0,Unknown,Exon19del,Exon19del,1,0,0,0,0,0,0,0
TCGA-J2-8194,69.0,Female,STAGE IIB,Yes,23.80247888,0:LIVING,,,23.80247888,0:ALIVE OR DEAD TUMOR FREE,15.45188546,1:PROGRESSION,0.0,,0.0,1.0,Unknown,Wildtype,,0,0,1,1,1,0,0,0
TCGA-J2-A4AD,61.0,Female,STAGE IA,No,18.08199362,1:DECEASED,,,18.08199362,1:DEAD WITH TUMOR,17.22720847,1:PROGRESSION,1.0,,1.0,1.0,Unknown,Wildtype,,0,1,0,0,0,0,0,0
TCGA-J2-A4AE,77.0,Female,STAGE IA,No,35.47358385,0:LIVING,35.47358385,0:DiseaseFree,35.47358385,0:ALIVE OR DEAD TUMOR FREE,35.47358385,0:CENSORED,0.0,0.0,0.0,0.0,Unknown,Wildtype,,0,0,0,0,0,0,0,0
TCGA-J2-A4AG,66.0,Female,STAGE IA,No,32.48183582,0:LIVING,32.48183582,0:DiseaseFree,32.48183582,0:ALIVE OR DEAD TUMOR FREE,32.48183582,0:CENSORED,0.0,0.0,0.0,0.0,Unknown,Wildtype,,0,0,1,0,0,0,0,0
TCGA-L4-A4E5,48.0,Female,STAGE I,No,19.00253148,0:LIVING,19.00253148,0:DiseaseFree,19.00253148,0:ALIVE OR DEAD TUMOR FREE,19.00253148,0:CENSORED,0.0,0.0,0.0,0.0,Unknown,Wildtype,,0,1,0,0,0,1,0,0
TCGA-L4-A4E6,67.0,Male,STAGE IA,No,14.30121314,0:LIVING,14.30121314,0:DiseaseFree,14.30121314,0:ALIVE OR DEAD TUMOR FREE,14.30121314,0:CENSORED,0.0,0.0,0.0,0.0,Unknown,Wildtype,,0,0,0,0,0,0,1,0
TCGA-L9-A443,63.0,Female,STAGE IA,No,6.345135944,1:DECEASED,6.345135944,0:DiseaseFree,6.345135944,0:ALIVE OR DEAD TUMOR FREE,6.345135944,0:CENSORED,1.0,0.0,0.0,0.0,Unknown,Wildtype,,0,0,1,0,0,0,0,0
TCGA-L9-A444,60.0,Female,STAGE IA,No,10.09304008,0:LIVING,10.09304008,0:DiseaseFree,10.09304008,0:ALIVE OR DEAD TUMOR FREE,10.09304008,0:CENSORED,0.0,0.0,0.0,0.0,Unknown,Wildtype,,0,1,0,0,0,1,0,0
TCGA-L9-A50W,75.0,Male,STAGE IIA,No,14.5313476,1:DECEASED,12.78890094,1:Recurred/Progressed,14.5313476,1:DEAD WITH TUMOR,12.78890094,1:PROGRESSION,1.0,1.0,1.0,1.0,Unknown,Rare,T790M,1,0,0,0,0,0,0,0
TCGA-L9-A5IP,40.0,Female,STAGE IV,No,1.906828418,1:DECEASED,,,1.906828418,1:DEAD WITH TUMOR,1.61094125,1:PROGRESSION,1.0,,1.0,1.0,Unknown,Wildtype,,0,1,0,0,0,1,0,0
TCGA-L9-A743,56.0,Male,STAGE IIA,No,21.82989776,0:LIVING,21.82989776,0:DiseaseFree,21.82989776,0:ALIVE OR DEAD TUMOR FREE,21.82989776,0:CENSORED,0.0,0.0,0.0,0.0,Unknown,Wildtype,,0,1,0,0,0,1,0,0
TCGA-L9-A7SV,69.0,Male,STAGE IIA,No,18.5751389,0:LIVING,18.5751389,0:DiseaseFree,18.5751389,0:ALIVE OR DEAD TUMOR FREE,18.5751389,0:CENSORED,0.0,0.0,0.0,0.0,Unknown,Wildtype,,0,1,0,0,0,0,0,0
TCGA-L9-A8F4,64.0,Female,STAGE IB,Yes,15.64914357,0:LIVING,,,15.64914357,0:ALIVE OR DEAD TUMOR FREE,15.64914357,0:CENSORED,0.0,,0.0,0.0,Unknown,Wildtype,,0,1,0,1,0,0,0,0
TCGA-MN-A4N1,60.0,Male,STAGE IIA,No,27.18874314,0:LIVING,27.18874314,0:DiseaseFree,27.18874314,0:ALIVE OR DEAD TUMOR FREE,27.18874314,0:CENSORED,0.0,0.0,0.0,0.0,Unknown,Wildtype,,0,1,0,0,0,0,1,0
TCGA-MN-A4N4,57.0,Male,STAGE IA,No,38.62971365,0:LIVING,38.62971365,0:DiseaseFree,38.62971365,0:ALIVE OR DEAD TUMOR FREE,38.62971365,0:CENSORED,0.0,0.0,0.0,0.0,Unknown,Wildtype,,0,1,0,0,0,0,0,0
TCGA-MN-A4N5,63.0,Male,STAGE IA,No,2.761613571,0:LIVING,2.761613571,0:DiseaseFree,2.761613571,0:ALIVE OR DEAD TUMOR FREE,2.761613571,0:CENSORED,0.0,0.0,0.0,0.0,Unknown,Wildtype,,0,1,1,0,0,0,0,0
TCGA-MP-A4SV,67.0,Male,STAGE IB,No,86.13604235,1:DECEASED,86.13604235,0:DiseaseFree,86.13604235,,86.13604235,0:CENSORED,1.0,0.0,,0.0,Unknown,Wildtype,,0,1,0,0,0,0,0,0
TCGA-MP-A4SW,53.0,Male,STAGE IIB,No,58.45415393,1:DECEASED,58.45415393,0:DiseaseFree,58.45415393,,58.45415393,0:CENSORED,1.0,0.0,,0.0,Unknown,L858R,L858R,1,0,0,0,0,0,0,0
TCGA-MP-A4SY,61.0,Male,STAGE IIB,No,49.34740441,1:DECEASED,16.07653615,1:Recurred/Progressed,49.34740441,0:ALIVE OR DEAD TUMOR FREE,16.07653615,1:PROGRESSION,1.0,1.0,0.0,1.0,Unknown,Wildtype,,0,0,1,0,0,1,0,1
TCGA-MP-A4T2,71.0,Male,STAGE IA,No,37.34753592,1:DECEASED,18.90390242,1:Recurred/Progressed,37.34753592,1:DEAD WITH TUMOR,18.90390242,1:PROGRESSION,1.0,1.0,1.0,1.0,Unknown,Wildtype,,0,0,0,0,0,0,0,0
TCGA-MP-A4T4,68.0,Female,STAGE IIB,No,86.03741329,1:DECEASED,86.03741329,0:DiseaseFree,86.03741329,,86.03741329,0:CENSORED,1.0,0.0,,0.0,Unknown,Wildtype,,0,1,1,0,0,0,0,0
TCGA-MP-A4T6,76.0,Female,STAGE IIIA,No,58.84867015,1:DECEASED,58.84867015,0:DiseaseFree,58.84867015,0:ALIVE OR DEAD TUMOR FREE,58.84867015,0:CENSORED,1.0,0.0,0.0,0.0,Unknown,Exon19del,Exon19del,1,0,0,0,0,0,0,0
TCGA-MP-A4T7,75.0,Female,STAGE IV,No,5.490350791,1:DECEASED,,,5.490350791,,5.490350791,0:CENSORED,1.0,,,0.0,Unknown,Wildtype,,0,0,1,0,1,0,0,0
TCGA-MP-A4T8,68.0,Male,STAGE IIIA,No,5.293092678,1:DECEASED,,,5.293092678,,5.293092678,0:CENSORED,1.0,,,0.0,Unknown,Wildtype,,0,0,1,0,0,0,0,0
TCGA-MP-A4T9,54.0,Female,STAGE IIIA,Yes,41.58858533,1:DECEASED,11.21083605,1:Recurred/Progressed,41.58858533,1:DEAD WITH TUMOR,11.21083605,1:PROGRESSION,1.0,1.0,1.0,1.0,Unknown,L858R,L858R,1,1,0,0,0,0,0,0
TCGA-MP-A4TA,75.0,Female,STAGE IA,No,31.23253444,1:DECEASED,23.83535523,1:Recurred/Progressed,31.23253444,1:DEAD WITH TUMOR,23.83535523,1:PROGRESSION,1.0,1.0,1.0,1.0,Unknown,Wildtype,,0,1,0,0,0,0,0,0
TCGA-MP-A4TC,77.0,Male,STAGE IIIA,No,2.432850051,1:DECEASED,2.432850051,0:DiseaseFree,2.432850051,0:ALIVE OR DEAD TUMOR FREE,2.432850051,0:CENSORED,1.0,0.0,0.0,0.0,Unknown,Wildtype,,0,1,0,0,0,0,0,0
TCGA-MP-A4TD,71.0,Male,STAGE IIIA,No,10.09304008,1:DECEASED,7.430055561,1:Recurred/Progressed,10.09304008,,7.430055561,1:PROGRESSION,1.0,1.0,,1.0,Unknown,Wildtype,,0,0,1,1,0,0,0,0
TCGA-MP-A4TE,56.0,Male,STAGE IIA,No,29.45721143,1:DECEASED,7.430055561,1:Recurred/Progressed,29.45721143,1:DEAD WITH TUMOR,7.430055561,1:PROGRESSION,1.0,1.0,1.0,1.0,Unknown,Wildtype,,0,0,1,1,1,0,0,0
TCGA-MP-A4TF,58.0,Female,STAGE IIA,No,11.04645429,1:DECEASED,,,11.04645429,1:DEAD WITH TUMOR,6.410888648,1:PROGRESSION,1.0,,1.0,1.0,Unknown,Wildtype,,0,1,1,0,0,0,0,0
TCGA-MP-A4TH,70.0,Female,STAGE IA,No,24.36137686,0:LIVING,24.36137686,0:DiseaseFree,24.36137686,0:ALIVE OR DEAD TUMOR FREE,24.36137686,0:CENSORED,0.0,0.0,0.0,0.0,Unknown,Wildtype,,0,0,0,0,0,0,0,0
TCGA-MP-A4TI,72.0,Male,STAGE IIA,,14.10395503,1:DECEASED,,,14.10395503,1:DEAD WITH TUMOR,2.761613571,1:PROGRESSION,1.0,,1.0,1.0,Unknown,Wildtype,,0,1,1,0,0,0,0,1
TCGA-MP-A4TJ,62.0,Female,STAGE IA,No,11.14508334,1:DECEASED,11.14508334,0:DiseaseFree,11.14508334,,11.14508334,0:CENSORED,1.0,0.0,,0.0,Unknown,Wildtype,,0,0,0,0,0,0,0,0
TCGA-MP-A4TK,56.0,Female,STAGE IIB,No,19.13403689,1:DECEASED,13.05191176,1:Recurred/Progressed,19.13403689,1:DEAD WITH TUMOR,13.05191176,1:PROGRESSION,1.0,1.0,1.0,1.0,Unknown,Wildtype,,0,1,1,0,0,0,0,0
TCGA-MP-A5C7,76.0,Female,STAGE IB,No,73.90603939,0:LIVING,73.90603939,0:DiseaseFree,73.90603939,0:ALIVE OR DEAD TUMOR FREE,73.90603939,0:CENSORED,0.0,0.0,0.0,0.0,Unknown,Wildtype,,0,0,0,0,1,0,0,0
TCGA-NJ-A4YF,50.0,Female,STAGE IA,No,71.04579676,0:LIVING,,,71.04579676,0:ALIVE OR DEAD TUMOR FREE,71.04579676,0:CENSORED,0.0,,0.0,0.0,Unknown,Wildtype,,0,1,0,1,0,0,0,0
TCGA-NJ-A4YG,65.0,Male,STAGE IB,No,74.33343196,0:LIVING,,,74.33343196,0:ALIVE OR DEAD TUMOR FREE,74.33343196,0:CENSORED,0.0,,0.0,0.0,Unknown,Wildtype,,0,0,1,0,0,0,0,0
TCGA-NJ-A4YI,87.0,Female,STAGE IIIA,No,0.131505408,1:DECEASED,,,0.131505408,,0.131505408,0:CENSORED,1.0,,,0.0,Unknown,Wildtype,,0,0,1,0,0,0,0,0
TCGA-NJ-A4YP,52.0,Male,STAGE IB,No,1.643817602,0:LIVING,,,1.643817602,0:ALIVE OR DEAD TUMOR FREE,1.643817602,0:CENSORED,0.0,,0.0,0.0,Unknown,Wildtype,,0,0,1,1,0,0,0,0
TCGA-NJ-A4YQ,69.0,Female,STAGE IA,No,47.07893612,0:LIVING,,,47.07893612,0:ALIVE OR DEAD TUMOR FREE,47.07893612,0:CENSORED,0.0,,0.0,0.0,Unknown,Wildtype,,0,0,0,0,1,0,0,0
TCGA-NJ-A55A,76.0,Female,STAGE IB,No,0.493145281,0:LIVING,,,0.493145281,0:ALIVE OR DEAD TUMOR FREE,0.493145281,0:CENSORED,0.0,,0.0,0.0,Unknown,Wildtype,,0,0,0,0,0,1,0,0
TCGA-NJ-A55O,56.0,Female,STAGE IIA,No,0.427392577,0:LIVING,,,0.427392577,0:ALIVE OR DEAD TUMOR FREE,0.427392577,0:CENSORED,0.0,,0.0,0.0,Unknown,Wildtype,,0,0,1,1,0,0,0,0
TCGA-NJ-A55R,67.0,Male,STAGE IA,No,19.82444028,0:LIVING,,,19.82444028,0:ALIVE OR DEAD TUMOR FREE,19.82444028,0:CENSORED,0.0,,0.0,0.0,Unknown,Wildtype,,0,0,1,1,1,0,0,0
TCGA-NJ-A7XG,49.0,Male,STAGE IIIA,No,20.28470921,0:LIVING,,,20.28470921,0:ALIVE OR DEAD TUMOR FREE,20.28470921,0:CENSORED,0.0,,0.0,0.0,Unknown,Wildtype,,0,0,0,0,0,0,0,0
TCGA-O1-A52J,74.0,Female,STAGE IA,No,59.11168097,1:DECEASED,,,59.11168097,1:DEAD WITH TUMOR,29.52296413,1:PROGRESSION,1.0,,1.0,1.0,Unknown,Wildtype,,0,1,0,0,0,0,0,0
TCGA-S2-AA1A,68.0,Female,STAGE IA,No,16.8655686,0:LIVING,16.8655686,0:DiseaseFree,16.8655686,0:ALIVE OR DEAD TUMOR FREE,16.8655686,0:CENSORED,0.0,0.0,0.0,0.0,Unknown,Wildtype,,0,0,0,0,0,0,0,0
